0.20643,0.98588,1
0.073012,0.95756,1
0.080871,0.84178,1
0.13748,0.99379,1
0.15936,0.9065,1
0.24214,0.9921,1
0.084788,1.0246,1
-0.096195,0.91334,1
0.14759,0.94109,1
0.15318,0.93611,1
0.16988,0.93235,1
0.15019,0.99347,1
0.092695,0.94519,1
0.040224,0.99437,1
0.12534,0.92678,1
0.18006,0.98048,1
0.10935,1.0827,1
0.06946,0.84375,1
0.2051,1.0082,1
0.088347,1.0568,1
0.12084,0.97925,1
0.056969,0.92414,1
0.085821,0.85198,1
0.064902,0.94166,1
0.1348,0.9674,1
0.020032,0.99037,1
0.045653,0.79429,1
0.16544,0.89233,1
0.1348,0.99253,1
0.1512,0.89359,1
0.1919,0.92445,1
0.058124,0.82667,1
0.081905,1.0267,1
0.11087,0.94733,1
0.20047,0.975,1
-0.017071,0.98375,1
0.19022,0.83409,1
0.16429,0.81142,1
0.051569,0.89245,1
0.013399,0.93577,1
0.15248,0.9049,1
0.20458,1.0014,1
0.20829,1.0792,1
0.090438,0.94717,1
0.10649,0.95241,1
0.11968,0.915,1
0.07926,0.71695,1
0.13696,0.91981,1
0.15904,1.0669,1
0.013193,0.96696,1
0.14369,0.9278,1
0.16456,1.0765,1
0.19558,1.0921,1
0.032484,0.99685,1
0.12765,0.90653,1
0.24916,0.92003,1
0.067051,1.0219,1
0.085982,0.9691,1
0.14242,0.97707,1
0.27489,0.81945,1
0.12625,0.9845,1
0.14574,0.96867,1
0.16156,0.85699,1
0.18784,0.972,1
0.065485,0.90785,1
0.17551,0.96069,1
0.070266,0.9481,1
0.11129,0.8397,1
0.056327,1.0851,1
0.08475,0.90111,1
0.072607,0.89046,1
0.17328,0.98815,1
-0.032798,0.99576,1
0.12713,0.95387,1
0.11571,0.86491,1
0.12463,0.92902,1
0.16275,1.0109,1
0.01513,0.98999,1
0.20815,0.7489,1
0.12567,0.90492,1
0.24012,0.92566,1
0.077165,0.95218,1
0.099081,0.92969,1
0.068132,0.83486,1
0.16768,0.90754,1
0.068897,0.98761,1
0.038618,1.0386,1
0.21692,0.88671,1
0.10996,0.92696,1
0.19617,0.89807,1
0.14166,0.91686,1
0.14856,1.0278,1
0.23264,0.93293,1
0.13038,0.96393,1
0.16793,1.0836,1
0.20283,0.95382,1
0.093275,1.0275,1
0.064578,1.0418,1
0.13928,0.9644,1
0.08877,0.75839,1
0.52034,0.82043,2
0.38929,0.8745,2
0.43936,0.83701,2
0.47365,0.86363,2
0.51322,0.84104,2
0.47596,0.87628,2
0.42789,0.86959,2
0.48949,0.85058,2
0.43419,0.87429,2
0.47235,0.89811,2
0.46497,0.83159,2
0.42979,0.84436,2
0.39791,0.83448,2
0.51485,0.83042,2
0.54287,0.79106,2
0.38998,0.76071,2
0.44119,0.82589,2
0.48049,1.0104,2
0.42138,0.8408,2
0.43471,0.83956,2
0.40977,0.86077,2
0.40356,0.91854,2
0.43224,0.94277,2
0.47724,0.84073,2
0.47513,0.97365,2
0.33964,0.94316,2
0.48816,0.88364,2
0.46224,0.88295,2
0.42301,0.87485,2
0.36939,0.91737,2
0.42196,0.8863,2
0.38327,0.75766,2
0.36467,0.83201,2
0.41564,0.79107,2
0.44886,0.95187,2
0.43817,0.84647,2
0.4807,0.82566,2
0.49458,0.80246,2
0.43183,0.85199,2
0.52588,0.84857,2
0.41298,0.81559,2
0.40317,0.91734,2
0.50366,0.82755,2
0.51431,0.79197,2
0.3816,0.86223,2
0.45332,0.88109,2
0.45309,0.82552,2
0.4958,0.88985,2
0.40602,0.81197,2
0.49608,0.86239,2
0.53534,0.85368,2
0.42111,0.81696,2
0.38363,0.92564,2
0.50259,0.86897,2
0.41307,0.91164,2
0.37994,0.88213,2
0.4582,0.96053,2
0.48435,0.88964,2
0.43004,0.86072,2
0.53258,0.80693,2
0.37236,0.83961,2
0.48938,0.86849,2
0.42547,0.91972,2
0.40306,0.83347,2
0.51938,0.91063,2
0.49115,0.895,2
0.50939,0.8669,2
0.54008,0.85701,2
0.4194,0.93082,2
0.428,0.80774,2
0.44504,0.76708,2
0.40127,0.83253,2
0.51324,0.90069,2
0.4523,0.8861,2
0.43043,0.85437,2
0.40848,0.98575,2
0.49129,0.87264,2
0.46023,0.87248,2
0.4726,0.83153,2
0.44134,0.97275,2
0.55705,0.8886,2
0.40301,0.89015,2
0.46684,0.91028,2
0.52771,0.80176,2
0.48536,0.89245,2
0.44321,0.83494,2
0.43146,0.89975,2
0.50122,0.83341,2
0.43722,0.86979,2
0.43837,0.94086,2
0.46105,0.85337,2
0.43548,0.8719,2
0.43009,0.8487,2
0.42915,0.87002,2
0.49489,0.79952,2
0.42122,0.89328,2
0.35853,0.90499,2
0.43289,0.82892,2
0.47946,0.83152,2
0.43731,0.88837,2
0.096028,0.20884,3
0.11574,0.2009,3
0.21631,0.22356,3
0.095526,0.23177,3
0.056586,0.29363,3
0.14558,0.21384,3
0.10385,0.23029,3
0.028323,0.27421,3
0.067455,0.25875,3
0.093046,0.29971,3
0.064974,0.25477,3
0.048543,0.23711,3
0.089636,0.31564,3
0.074332,0.23605,3
0.14763,0.30664,3
0.093662,0.21009,3
0.099075,0.20412,3
0.068911,0.19566,3
0.1156,0.22168,3
0.09168,0.22905,3
0.11655,0.18367,3
0.14341,0.28288,3
0.13034,0.17452,3
0.029285,0.25344,3
0.12203,0.21242,3
0.13381,0.24446,3
0.086657,0.28801,3
0.031505,0.21848,3
0.078645,0.27032,3
0.13043,0.19206,3
0.14014,0.30144,3
0.06836,0.23266,3
0.076548,0.23061,3
0.084975,0.26309,3
0.091907,0.24698,3
0.13807,0.2476,3
0.069432,0.26943,3
0.0731,0.2111,3
0.072875,0.27604,3
0.072918,0.16828,3
0.072985,0.26546,3
0.045143,0.22674,3
0.0742,0.25423,3
0.1019,0.29041,3
0.036535,0.17908,3
0.085881,0.18768,3
0.10048,0.16987,3
0.038379,0.27617,3
0.12372,0.24163,3
0.064193,0.26444,3
0.10101,0.23069,3
0.13067,0.22158,3
0.10042,0.25849,3
0.027255,0.26828,3
0.088814,0.20761,3
0.033238,0.22982,3
0.1276,0.17681,3
0.078862,0.31418,3
0.035897,0.24475,3
0.080732,0.26851,3
-0.00093115,0.26099,3
0.15281,0.21609,3
0.1121,0.29067,3
0.056092,0.26168,3
0.10751,0.19103,3
0.15235,0.26704,3
0.12956,0.21198,3
0.047067,0.246,3
0.11624,0.24624,3
0.056462,0.26599,3
0.10297,0.24209,3
0.11996,0.23224,3
0.15194,0.1902,3
0.12083,0.1536,3
0.05257,0.22846,3
0.093749,0.21243,3
0.076695,0.27372,3
0.067671,0.28545,3
0.13849,0.20044,3
0.14759,0.31876,3
0.038326,0.31207,3
0.056037,0.25896,3
0.11434,0.26424,3
0.053001,0.15733,3
0.10538,0.22095,3
0.13199,0.29575,3
0.081325,0.20411,3
0.084412,0.25719,3
0.13459,0.17779,3
0.13079,0.25536,3
0.085943,0.28142,3
0.064006,0.25062,3
0.047818,0.19403,3
0.096723,0.18381,3
0.061985,0.20905,3
0.12648,0.24661,3
0.060815,0.19118,3
0.11159,0.26444,3
0.11115,0.21854,3
0.066497,0.20488,3
0.33639,0.23296,4
0.40504,0.25988,4
0.4643,0.3869,4
0.52602,0.26322,4
0.38309,0.35247,4
0.55878,0.32289,4
0.63478,0.25797,4
0.47199,0.28764,4
0.62716,0.24059,4
0.31437,0.3477,4
0.41263,0.37977,4
0.5837,0.39699,4
0.384,0.41996,4
0.38119,0.32398,4
0.56271,0.34852,4
0.34709,0.30722,4
0.46391,0.36327,4
0.33104,0.21433,4
0.53427,0.2663,4
0.57363,0.202,4
0.52572,0.49988,4
0.4686,0.27671,4
0.48092,0.31604,4
0.49439,0.36679,4
0.4733,0.10205,4
0.61438,0.39695,4
0.40863,0.48824,4
0.41125,0.29863,4
0.36358,0.28378,4
0.48,0.49719,4
0.41159,0.35711,4
0.69123,0.28261,4
0.68781,0.21123,4
0.42633,0.34276,4
0.46806,0.27276,4
0.43505,0.24734,4
0.58695,0.22374,4
0.48779,0.32789,4
0.53843,0.35907,4
0.63309,0.44088,4
0.59767,0.21886,4
0.52702,0.34291,4
0.63364,0.39606,4
0.37761,0.35163,4
0.31335,0.14628,4
0.52684,0.22106,4
0.51762,0.24695,4
0.46935,0.13976,4
0.6322,0.29523,4
0.35288,0.35853,4
0.55703,0.28041,4
0.51496,0.34516,4
0.6813,0.24557,4
0.52763,0.24092,4
0.42135,0.27254,4
0.51194,0.32576,4
0.44472,0.15587,4
0.37834,0.31163,4
0.51948,0.23257,4
0.54989,0.29901,4
0.45163,0.15626,4
0.46309,0.39397,4
0.53161,0.31097,4
0.51869,0.34191,4
0.4091,0.40842,4
0.43897,0.23972,4
0.56712,0.34983,4
0.45955,0.38211,4
0.53066,0.23277,4
0.56659,0.3532,4
0.60991,0.41499,4
0.54553,0.3955,4
0.42512,0.28012,4
0.4607,0.45987,4
0.6179,0.18101,4
0.40248,0.24703,4
0.22507,0.26409,4
0.46937,0.27801,4
0.32058,0.27396,4
0.5209,0.30649,4
0.37663,0.46413,4
0.42414,0.3741,4
0.40679,0.384,4
0.43801,0.19267,4
0.67072,0.22922,4
0.4801,0.20028,4
0.55479,0.14848,4
0.46526,0.34922,4
0.52206,0.20373,4
0.49607,0.23408,4
0.55546,0.26376,4
0.51051,0.20371,4
0.36038,0.38065,4
0.4456,0.25119,4
0.46836,0.34132,4
0.52375,0.22073,4
0.58183,0.20204,4
0.46062,0.25753,4
0.48365,0.24782,4
0.47487,0.217,4
0.045917,0.091574,5
0.042457,0.01784,5
-0.0078876,0.12562,5
0.054182,0.13457,5
0.024476,0.067228,5
0.0083248,0.034611,5
0.059436,0.06122,5
0.053105,0.066422,5
-0.014756,0.059627,5
-0.057044,0.11185,5
0.095252,0.10754,5
0.058304,0.11385,5
0.046092,0.06676,5
0.007094,0.059519,5
0.048729,0.03578,5
0.054112,0.055335,5
0.02793,-0.0033127,5
0.052569,0.11695,5
0.05939,0.015203,5
0.051198,0.046641,5
0.031718,-0.0052469,5
-0.022645,0.08615,5
0.040301,0.080703,5
0.041797,0.029453,5
0.041008,0.080894,5
0.071053,0.038779,5
0.0095094,0.014379,5
0.02379,0.047122,5
0.064308,0.065513,5
0.058428,0.044798,5
0.046533,0.02776,5
0.025337,0.044886,5
0.0021168,0.028127,5
0.024726,0.12018,5
0.0010255,0.12101,5
0.040217,0.084791,5
-0.020573,0.1323,5
0.078382,0.10781,5
0.072067,0.044466,5
0.034868,0.088301,5
0.021881,0.041379,5
0.014672,0.086693,5
0.10391,0.049859,5
0.036866,0.070241,5
-0.020048,0.047681,5
0.073441,0.048607,5
-0.049668,0.063608,5
-0.034695,0.090273,5
0.022298,0.097087,5
0.005948,0.12725,5
-7.5842e-05,0.0059214,5
0.072238,0.065403,5
-0.019705,0.049139,5
0.044414,0.052314,5
0.0067404,0.10738,5
0.023747,0.080399,5
0.053817,0.13193,5
0.06012,0.052302,5
-0.0036703,0.061516,5
0.024451,0.070432,5
-0.029087,0.0803,5
0.033794,0.048209,5
0.038047,0.013779,5
0.010925,0.10272,5
0.064628,0.078903,5
0.078146,0.029223,5
-0.0091403,0.017224,5
0.034558,0.064076,5
0.044185,0.010393,5
0.0056995,0.10557,5
-0.02843,0.08575,5
0.048876,0.075476,5
-0.013435,0.061076,5
0.021185,0.045197,5
0.0087183,0.019187,5
0.0086322,0.0914,5
0.0020754,0.11424,5
-0.035444,0.093464,5
-0.0015885,0.10472,5
0.0021192,0.028666,5
0.02037,0.16346,5
-0.0078884,0.095163,5
-0.059425,0.096493,5
0.06323,0.025508,5
-0.02684,0.10537,5
0.020111,0.032344,5
-0.0036857,0.068064,5
0.020631,0.1941,5
0.046654,0.037775,5
0.044708,0.042759,5
0.0035109,0.12462,5
0.012593,0.11029,5
0.042405,0.098469,5
0.0067167,0.039764,5
0.047387,0.067465,5
0.022384,0.065148,5
0.08561,0.1119,5
0.03004,0.097675,5
0.017063,0.061981,5
-0.01008,0.078849,5
0.66586,0.87057,6
0.62825,0.81065,6
0.69734,0.8693,6
0.72663,0.80631,6
0.6191,0.8505,6
0.69325,0.7547,6
0.70009,0.83433,6
0.65695,0.89393,6
0.70006,0.79875,6
0.65246,0.84799,6
0.64636,0.88563,6
0.69208,0.87559,6
0.63636,0.75349,6
0.75518,0.81275,6
0.61166,0.76879,6
0.70933,0.862,6
0.61848,0.87187,6
0.6578,0.80045,6
0.67121,0.8333,6
0.71425,0.82065,6
0.7302,0.80218,6
0.7121,0.79965,6
0.6498,0.81192,6
0.57798,0.83617,6
0.66794,0.82917,6
0.60996,0.68857,6
0.62169,0.81942,6
0.71511,0.88959,6
0.58658,0.84691,6
0.74055,0.90857,6
0.63399,0.80497,6
0.65998,0.86068,6
0.64178,0.83863,6
0.69804,0.80676,6
0.69575,0.86488,6
0.63146,0.79841,6
0.67175,0.73152,6
0.69278,0.78306,6
0.69716,0.85816,6
0.56612,0.77083,6
0.70132,0.85549,6
0.65842,0.86062,6
0.62906,0.87587,6
0.64875,0.79989,6
0.61052,0.85372,6
0.66704,0.9238,6
0.65373,0.8384,6
0.63804,0.78015,6
0.68385,0.83946,6
0.65684,0.76085,6
0.64537,0.83624,6
0.73178,0.78935,6
0.69476,0.8375,6
0.65587,0.84193,6
0.7283,0.82852,6
0.71597,0.81501,6
0.71318,0.9018,6
0.74346,0.79069,6
0.6141,0.81668,6
0.69863,0.83004,6
0.63094,0.84064,6
0.703,0.88502,6
0.64048,0.89454,6
0.67066,0.82126,6
0.69125,0.79103,6
0.62824,0.76261,6
0.63038,0.8479,6
0.59929,0.79364,6
0.68173,0.92003,6
0.73753,0.83295,6
0.60715,0.82197,6
0.68477,0.81864,6
0.66978,0.89608,6
0.72068,0.80581,6
0.68372,0.80866,6
0.6373,0.80886,6
0.62215,0.82742,6
0.68063,0.85258,6
0.69007,0.84607,6
0.70908,0.81147,6
0.66114,0.8071,6
0.67908,0.82752,6
0.71859,0.86128,6
0.66451,0.82999,6
0.70181,0.75523,6
0.71687,0.83491,6
0.67117,0.82659,6
0.67705,0.83198,6
0.63613,0.84603,6
0.5886,0.87792,6
0.66697,0.83004,6
0.67618,0.80655,6
0.65522,0.87141,6
0.68007,0.84522,6
0.59809,0.80152,6
0.72193,0.82763,6
0.65431,0.84012,6
0.72947,0.83508,6
0.67387,0.83232,6
0.68796,0.8968,6
0.92911,0.66357,7
0.85571,0.51317,7
0.80729,0.41404,7
0.92076,0.50067,7
0.83826,0.39097,7
0.94779,0.54038,7
0.96281,0.47595,7
0.94587,0.59326,7
0.93798,0.38496,7
1.0254,0.46024,7
0.77474,0.5953,7
0.89245,0.48922,7
0.88881,0.26378,7
0.88698,0.26907,7
0.924,0.58092,7
1.0624,0.4851,7
0.88302,0.46765,7
0.82621,0.52055,7
0.74964,0.34483,7
0.76153,0.45601,7
1.0397,0.48729,7
0.76876,0.43054,7
0.94755,0.52091,7
1.0129,0.29767,7
0.76463,0.59973,7
0.85777,0.46212,7
0.99598,0.5112,7
1.0799,0.512,7
0.98139,0.54856,7
0.85489,0.3733,7
1.0006,0.43144,7
0.95115,0.36984,7
0.87444,0.65808,7
1.0318,0.54042,7
0.96756,0.54707,7
0.92977,0.43119,7
0.96461,0.2539,7
0.93565,0.60936,7
0.82868,0.36435,7
0.84724,0.52151,7
1.0155,0.39296,7
0.81908,0.4963,7
0.86865,0.56794,7
0.97635,0.38366,7
0.96004,0.3878,7
0.94383,0.3668,7
0.90351,0.64936,7
0.69986,0.54053,7
0.71707,0.55706,7
0.81858,0.38279,7
0.78072,0.33073,7
0.84386,0.51582,7
0.96297,0.49849,7
0.97665,0.58028,7
0.92431,0.52112,7
0.90374,0.48142,7
1.0085,0.49476,7
0.91707,0.5267,7
0.9794,0.37881,7
0.86507,0.45504,7
0.89328,0.20618,7
1.028,0.45857,7
0.90023,0.6214,7
0.74552,0.22612,7
0.83934,0.46325,7
0.8344,0.51536,7
0.81307,0.21251,7
0.84857,0.44672,7
0.80102,0.35262,7
0.89014,0.58219,7
0.75553,0.35328,7
0.8958,0.54338,7
0.65503,0.56481,7
0.91484,0.56057,7
0.7782,0.42089,7
0.97182,0.26216,7
0.96414,0.64256,7
0.9596,0.68366,7
0.79722,0.48877,7
1.0196,0.63377,7
0.80372,0.27994,7
0.99897,0.49236,7
0.84316,0.39123,7
1.012,0.25348,7
1.0041,0.47631,7
0.89647,0.41774,7
0.82473,0.42434,7
0.92021,0.33817,7
1.0076,0.40951,7
1.0162,0.54523,7
0.76728,0.36328,7
0.90576,0.48275,7
0.95184,0.58848,7
0.9646,0.3925,7
0.80122,0.59613,7
0.92536,0.60223,7
0.9436,0.3478,7
1.0454,0.36338,7
0.82148,0.40101,7
0.71722,0.58832,7
0.089899,0.92736,1
0.1736,0.84287,1
-0.0099463,0.8448,1
0.20292,1.0965,1
0.11047,0.88661,1
0.24599,0.84757,1
0.11536,0.90606,1
0.13598,0.89794,1
0.18477,0.96858,1
0.12132,0.92206,1
0.022419,0.93299,1
0.071961,0.92789,1
0.10726,0.74516,1
0.06529,0.99018,1
0.11429,1.046,1
0.11014,0.85531,1
0.11687,0.89881,1
0.080974,0.88787,1
0.17952,0.84982,1
0.26511,0.87306,1
0.062804,0.94212,1
0.065362,0.98107,1
0.18851,0.96855,1
0.24294,0.95137,1
0.093245,0.95719,1
0.076551,1.0196,1
0.10901,1.0785,1
0.13149,1.0104,1
-0.025187,0.95239,1
0.10214,0.88214,1
0.10326,1.1237,1
0.16613,0.88973,1
0.22292,0.98708,1
0.13732,1.0163,1
0.059765,0.89703,1
0.10057,0.9724,1
0.12319,0.9536,1
0.10724,0.90319,1
0.18454,1.0759,1
0.11284,0.94206,1
0.12022,0.87434,1
0.22153,0.93983,1
0.048256,0.96775,1
0.15877,0.84246,1
-0.029246,0.97894,1
0.14942,0.8773,1
0.072027,0.93212,1
0.18019,1.0026,1
0.069619,0.80928,1
0.14176,0.89803,1
0.22149,0.94058,1
0.038084,0.82676,1
0.036534,0.89756,1
0.15395,0.97763,1
0.12763,0.90757,1
0.042708,0.86342,1
0.19218,0.9456,1
0.039531,0.86456,1
0.10678,0.92098,1
0.033447,1.0568,1
0.14573,1.0013,1
0.080477,0.94119,1
0.15185,0.85622,1
0.056429,0.96822,1
0.2148,0.97986,1
0.067962,0.8736,1
0.037871,1.1049,1
0.17207,0.93945,1
0.28209,0.9481,1
0.18393,0.89005,1
0.064632,0.9624,1
0.10044,0.98723,1
0.11204,0.99481,1
0.078253,0.99947,1
0.14517,0.75497,1
0.17751,1.0043,1
0.104,0.87989,1
0.099622,0.87855,1
0.10251,1.0196,1
0.19983,0.91857,1
0.13372,0.99372,1
0.13273,0.95781,1
0.042494,1.0139,1
0.11179,0.95282,1
-0.074265,0.82688,1
0.14686,0.77465,1
0.080768,0.96639,1
0.035044,0.86158,1
0.15208,0.93992,1
0.19907,0.9588,1
0.084498,0.85366,1
0.18938,1.013,1
0.031503,0.93931,1
0.058278,0.92724,1
0.090641,0.97533,1
0.16675,0.98085,1
0.0075095,0.90054,1
0.15655,0.82814,1
0.15455,0.88901,1
0.16099,0.83567,1
0.021441,0.95137,1
0.13911,1.0083,1
0.17625,0.953,1
-0.025218,1.0649,1
0.18937,0.94986,1
0.07569,0.92262,1
0.15873,0.9892,1
0.063104,0.94722,1
0.13356,0.97404,1
0.026573,0.95347,1
0.057941,1.0116,1
0.2033,0.95094,1
0.084211,0.97414,1
0.17535,0.89752,1
0.074722,0.96874,1
0.19654,0.98541,1
0.25678,0.92659,1
0.087105,1.0381,1
0.10279,0.95689,1
0.090228,1.0404,1
0.039293,0.87485,1
0.22446,0.95977,1
0.1487,0.97653,1
0.06862,0.85092,1
0.1673,0.95047,1
0.22673,0.88702,1
0.1592,0.93924,1
0.27125,1.0145,1
0.075924,0.99052,1
0.072325,0.95304,1
0.16057,1.0071,1
0.096518,0.96252,1
0.22075,0.89055,1
0.1703,1.0431,1
0.1092,1.0902,1
0.08663,0.85935,1
0.24438,0.99646,1
0.09106,0.96087,1
0.21284,1.0069,1
0.079363,1.0687,1
0.25565,1.0675,1
0.097945,0.90334,1
0.09921,0.93465,1
0.13083,1.0059,1
0.08627,0.81586,1
0.15415,0.91803,1
0.043915,0.86263,1
0.10747,0.98062,1
0.1497,1.0129,1
0.11259,0.83931,1
0.028573,0.93988,1
0.053521,0.88254,1
0.033561,0.92312,1
0.14914,1.049,1
0.1831,1.0309,1
0.086667,0.95225,1
0.21488,1.0228,1
-0.014118,0.90083,1
0.10451,0.94596,1
0.19449,0.89071,1
0.16298,0.91773,1
0.2144,0.87541,1
0.046624,0.82002,1
0.2174,0.95713,1
0.27226,0.89725,1
0.036455,0.92783,1
0.10836,0.94743,1
0.2041,0.88321,1
0.064685,0.94226,1
0.22056,0.96806,1
0.26058,0.88328,1
0.18231,1.0584,1
0.18067,0.96134,1
0.02572,0.9446,1
0.020942,0.85367,1
0.13196,0.94245,1
0.022137,0.96418,1
0.18434,0.97762,1
0.23992,0.91365,1
0.13816,0.97333,1
0.07038,0.99985,1
0.14031,0.91188,1
0.13509,0.94666,1
0.14518,0.81472,1
0.14383,1.044,1
0.22216,1.0379,1
0.18355,0.99586,1
0.22844,0.98841,1
0.010315,0.93231,1
0.049898,0.8825,1
0.012487,0.9721,1
0.0248,0.89905,1
0.24342,0.91005,1
0.054912,0.89243,1
0.11906,0.94385,1
0.27521,1.0176,1
0.21259,0.99009,1
0.22245,0.9007,1
0.169,0.90936,1
0.13683,0.94567,1
0.082342,0.93652,1
0.20276,1.021,1
0.17809,1.107,1
0.16339,0.84708,1
0.12516,0.93986,1
0.17574,0.90706,1
0.17894,0.8519,1
0.10074,0.95116,1
0.051862,1.0404,1
0.12442,0.95629,1
0.14546,0.90537,1
-0.0082947,0.9308,1
0.096835,1.0204,1
0.26064,0.88674,1
0.16957,0.84526,1
0.097266,0.83392,1
0.15377,0.78104,1
0.039471,0.96076,1
0.019834,0.95996,1
0.093618,1.0018,1
0.13274,0.99763,1
0.071479,1.0598,1
0.13191,1.0295,1
0.013789,1.0598,1
0.031588,0.88961,1
0.19197,0.93434,1
0.16348,1.0084,1
0.20722,0.95474,1
0.11522,0.96643,1
0.14923,0.96457,1
0.0931,0.99628,1
0.12806,0.87743,1
0.095242,0.85282,1
0.095277,0.9717,1
0.080763,0.91708,1
0.056263,0.86586,1
0.086737,0.87202,1
0.12228,0.83455,1
0.11661,0.91486,1
0.21871,0.93877,1
0.17152,0.79367,1
0.15651,0.90681,1
0.04689,0.9149,1
0.20007,0.97371,1
0.17118,1.0345,1
0.11673,1.0568,1
0.22093,0.86301,1
0.20893,0.92129,1
0.18759,0.91961,1
0.068779,0.89959,1
0.23113,0.90412,1
-0.033782,0.8475,1
0.18049,0.91278,1
0.064305,0.77079,1
0.05938,0.90596,1
0.11079,0.94466,1
0.146,0.9177,1
0.076628,0.87088,1
0.030934,1.049,1
0.1793,0.85662,1
0.11038,0.90297,1
0.12976,1.0656,1
0.13248,0.85837,1
0.070604,0.90184,1
0.021095,0.93134,1
0.18991,0.96404,1
0.038024,0.87141,1
0.15648,0.86471,1
0.051019,1.0289,1
0.11245,0.92764,1
0.14852,0.97743,1
0.18704,0.9723,1
0.089745,0.88751,1
0.17995,0.97795,1
0.12448,0.90014,1
0.15992,0.94729,1
0.25877,0.96799,1
0.052437,0.94439,1
0.20125,0.856,1
0.080273,0.8125,1
0.22695,0.98173,1
0.13727,0.93348,1
0.031553,0.94304,1
0.11977,0.79817,1
0.016031,1.0769,1
0.13644,0.89898,1
0.11972,0.86591,1
0.13856,0.85908,1
0.14334,0.77443,1
0.2463,0.91773,1
0.17324,0.94351,1
0.29171,0.85203,1
0.18377,1.0285,1
0.11687,0.86665,1
0.11203,0.86589,1
0.24717,0.90122,1
0.12396,0.89856,1
0.10156,1.0563,1
0.16272,0.98057,1
0.02732,0.94167,1
-0.019243,0.91777,1
0.090757,0.99519,1
0.07523,1.0162,1
0.072907,0.99713,1
0.1927,0.95945,1
0.19945,0.90627,1
0.14038,0.84225,1
0.26023,0.85173,1
0.10663,0.91397,1
0.11776,0.933,1
0.12436,0.85911,1
0.16951,0.88725,1
0.14965,0.97452,1
0.14055,1.0201,1
0.13775,0.91986,1
0.18043,0.97065,1
0.14392,0.97477,1
0.063597,0.99551,1
0.13856,0.92122,1
0.11044,1.0193,1
0.089807,0.83099,1
0.13905,0.85461,1
0.026662,0.95805,1
0.16045,0.94143,1
0.093614,0.85866,1
-0.034781,0.95358,1
0.085232,0.94135,1
0.14964,0.98042,1
0.13522,0.99739,1
0.15323,0.86625,1
0.038322,0.89745,1
0.12581,0.92253,1
0.090725,0.94577,1
0.063772,0.8587,1
0.18096,0.92975,1
0.042941,0.88711,1
0.16092,0.88816,1
0.1618,1.078,1
0.17433,1.0943,1
0.078674,1.0263,1
0.19238,0.83188,1
0.069546,0.88332,1
0.16023,0.99065,1
0.23183,0.95918,1
0.17126,0.96751,1
0.099129,0.93314,1
0.17482,0.9078,1
0.10667,0.97519,1
0.059733,0.94695,1
0.14553,0.76783,1
0.12234,0.95913,1
0.050542,0.95828,1
-0.043682,0.96321,1
0.20158,0.96367,1
0.14318,0.90547,1
0.14932,0.95163,1
0.039511,0.98006,1
0.15799,0.87792,1
0.10219,0.81456,1
0.19543,0.84642,1
0.063794,0.90846,1
0.141,0.98465,1
0.06038,0.81088,1
0.14904,1.0559,1
0.097727,0.72804,1
0.19573,0.90565,1
0.26626,1.0236,1
0.2083,1.0285,1
0.21773,0.88976,1
0.12903,0.90478,1
0.22827,0.83593,1
-0.077445,0.90652,1
0.131,0.89459,1
0.069894,0.90889,1
0.070461,0.90553,1
0.17444,1.026,1
0.17144,0.86577,1
0.13165,0.96996,1
0.076242,0.91862,1
0.12684,0.89423,1
0.089161,0.99109,1
0.10268,0.93567,1
0.23313,0.79949,1
0.22215,0.96678,1
0.072593,0.96692,1
0.14981,0.78861,1
0.12336,1.0684,1
0.14785,0.86719,1
0.17914,0.93924,1
0.1333,0.91125,1
0.19249,0.93089,1
0.078367,0.91866,1
0.17681,1.0466,1
0.17224,0.86379,1
0.099935,0.90628,1
0.14399,0.85805,1
0.17326,0.94364,1
0.23994,0.98969,1
0.11683,0.82088,1
0.04388,0.85513,1
0.17589,0.88928,1
0.20131,0.98217,1
0.1478,0.86522,1
0.053839,0.88976,1
0.097645,0.94283,1
0.069288,0.89339,1
0.21929,1.0198,1
0.037426,0.85228,1
0.10073,0.96059,1
0.12269,1.0101,1
-0.055162,0.85339,1
0.12943,1.0357,1
-0.051745,0.88547,1
0.15203,0.8491,1
-0.0040854,0.81859,1
0.10904,1.0448,1
0.15959,0.8698,1
0.19822,0.88163,1
0.14486,0.93912,1
0.070399,0.88741,1
0.0099744,0.88933,1
0.17654,0.92855,1
0.076944,0.87268,1
0.02342,1.0424,1
0.24179,0.87421,1
-0.041723,0.88108,1
0.15012,1.0633,1
0.024887,0.84554,1
0.13706,0.78494,1
0.026406,0.9482,1
0.055162,0.75223,1
0.026194,0.96446,1
0.042947,0.96604,1
0.078645,0.79451,1
0.031165,0.97507,1
0.043403,1.0088,1
0.13514,0.9463,1
0.044164,1.0108,1
-0.024492,0.95448,1
0.16775,1.0218,1
0.080942,0.95628,1
0.17656,0.83947,1
0.14747,0.93217,1
0.13416,0.91008,1
0.11514,0.88889,1
0.13211,0.99409,1
-6.3214e-06,0.90727,1
0.095069,0.81034,1
0.093727,0.97172,1
0.00045136,0.93089,1
0.05771,0.92016,1
0.14756,0.87195,1
0.22349,1.0354,1
0.086039,0.96997,1
0.15187,1.0291,1
0.14045,0.95577,1
0.083393,0.85698,1
0.0067464,0.94316,1
0.1464,0.89496,1
0.19462,0.91158,1
0.18319,0.89597,1
0.16959,0.89442,1
0.13977,0.97366,1
0.22188,0.88815,1
0.2147,0.88972,1
0.067674,0.94635,1
0.054995,0.95676,1
0.22131,0.8522,1
0.15327,1.0206,1
0.1103,0.9496,1
-0.0068184,0.93005,1
0.16122,0.95619,1
0.11742,0.91463,1
0.13394,0.91914,1
0.128,0.93381,1
0.064861,0.97781,1
0.096627,0.90388,1
0.1557,1.0373,1
0.088536,0.83637,1
0.13538,0.95563,1
0.23114,0.96491,1
0.24657,0.95112,1
0.028064,0.8144,1
0.099427,0.9182,1
0.0941,0.9018,1
0.173,0.87366,1
0.16319,0.89927,1
0.22509,0.87044,1
-0.046779,0.90279,1
0.10558,1.0329,1
0.065069,0.9494,1
0.11466,0.88813,1
0.17875,0.91815,1
0.24438,0.92792,1
0.15007,1.1359,1
0.17046,0.92152,1
0.092109,0.96085,1
0.19097,0.92296,1
0.10227,0.93913,1
0.2021,0.85852,1
0.46785,0.88885,2
0.4617,0.86446,2
0.46021,0.84041,2
0.36298,0.87652,2
0.4474,0.88947,2
0.49066,0.83176,2
0.39829,0.8738,2
0.42422,0.92365,2
0.44104,0.80284,2
0.45671,0.82039,2
0.45956,0.8219,2
0.42847,0.78822,2
0.41062,0.90605,2
0.45614,0.90778,2
0.43787,0.82199,2
0.48949,0.89977,2
0.45163,0.89626,2
0.41907,0.89363,2
0.47575,0.90038,2
0.49507,0.90202,2
0.42584,0.86501,2
0.50111,0.91601,2
0.3608,0.82272,2
0.39887,0.87333,2
0.47523,0.83759,2
0.42601,0.8069,2
0.40436,0.8785,2
0.45804,0.85104,2
0.42305,0.86242,2
0.42897,0.86326,2
0.44852,0.87271,2
0.38908,0.91436,2
0.41527,0.91885,2
0.44586,0.98131,2
0.46434,0.83303,2
0.39813,0.93917,2
0.49266,0.90001,2
0.46611,0.88907,2
0.44467,0.87967,2
0.41811,0.84511,2
0.43295,0.84283,2
0.43429,0.85714,2
0.4397,0.85483,2
0.43477,0.8711,2
0.44663,0.89815,2
0.48955,0.85421,2
0.48698,0.87798,2
0.43659,0.88723,2
0.451,0.84744,2
0.4257,0.84673,2
0.51403,0.88518,2
0.48454,0.85227,2
0.45702,0.84909,2
0.45454,0.85416,2
0.4752,0.83201,2
0.4916,0.85742,2
0.43885,0.85291,2
0.45187,0.83979,2
0.41765,0.91713,2
0.37694,0.85268,2
0.48695,0.89608,2
0.46627,0.89464,2
0.46089,0.89171,2
0.45459,0.87064,2
0.43507,0.82846,2
0.4612,0.85919,2
0.42609,0.93905,2
0.47624,0.86902,2
0.47777,0.9182,2
0.45165,0.86878,2
0.4539,0.85685,2
0.45208,0.84303,2
0.48314,0.80735,2
0.48105,0.89287,2
0.41926,0.84603,2
0.42622,0.89377,2
0.483,0.8327,2
0.45825,0.83411,2
0.40329,0.87584,2
0.45671,0.87994,2
0.43576,0.93596,2
0.48047,0.80935,2
0.47475,0.8672,2
0.41822,0.95147,2
0.39777,0.81106,2
0.42235,0.92307,2
0.46256,0.85561,2
0.46868,0.81686,2
0.47965,0.90341,2
0.45267,0.87142,2
0.52392,0.80858,2
0.48166,0.85304,2
0.41864,0.83923,2
0.45132,0.87912,2
0.47682,0.82221,2
0.48199,0.93758,2
0.44756,0.80702,2
0.48579,0.90174,2
0.45662,0.85233,2
0.49474,0.92093,2
0.47865,0.88171,2
0.42672,0.87246,2
0.52093,0.83513,2
0.47155,0.8645,2
0.44621,0.91432,2
0.43275,0.86878,2
0.41034,0.8704,2
0.48413,0.83612,2
0.50446,0.79436,2
0.41789,0.95306,2
0.45294,0.78695,2
0.4383,0.85638,2
0.43884,0.86625,2
0.41893,0.82628,2
0.45076,0.85333,2
0.44883,0.813,2
0.51067,0.84129,2
0.44169,0.88625,2
0.46234,0.86434,2
0.4085,0.82417,2
0.38024,0.87988,2
0.48044,0.87499,2
0.45586,0.81975,2
0.47366,0.89468,2
0.39518,0.88463,2
0.45717,0.90129,2
0.52337,0.84874,2
0.30565,0.81291,2
0.4925,0.87779,2
0.47878,0.91155,2
0.4185,0.93859,2
0.4782,0.88221,2
0.37675,0.86441,2
0.44155,0.83571,2
0.46717,0.8585,2
0.46147,0.90299,2
0.48854,0.86068,2
0.43919,0.80824,2
0.47568,0.80834,2
0.5087,0.79476,2
0.46368,0.81855,2
0.46279,0.88429,2
0.4173,0.83006,2
0.41454,0.80297,2
0.50064,0.91331,2
0.43272,0.8516,2
0.42865,0.87014,2
0.40583,0.8291,2
0.39684,0.85872,2
0.42976,0.88405,2
0.44251,0.89204,2
0.46094,0.86699,2
0.42737,0.87526,2
0.4495,0.81402,2
0.45884,0.89327,2
0.44142,0.87046,2
0.41776,0.89162,2
0.3898,0.83647,2
0.42942,0.90751,2
0.44068,0.80876,2
0.47164,0.89664,2
0.38386,0.88863,2
0.46368,0.8899,2
0.44834,0.91955,2
0.44774,0.85138,2
0.44975,0.79287,2
0.47138,0.89069,2
0.44426,0.91049,2
0.46127,0.86103,2
0.44648,0.89564,2
0.44482,0.82879,2
0.46402,0.91003,2
0.4112,0.8198,2
0.44487,0.82507,2
0.51966,0.85391,2
0.47868,0.84739,2
0.47232,0.97048,2
0.33735,0.86789,2
0.42696,0.83785,2
0.44122,0.86674,2
0.43897,0.82213,2
0.48032,0.84525,2
0.46144,0.87462,2
0.43655,0.87299,2
0.48014,0.86328,2
0.41117,0.92815,2
0.47078,0.82031,2
0.50073,0.82295,2
0.42478,0.84854,2
0.41402,0.82072,2
0.49953,0.89527,2
0.43519,0.86328,2
0.4291,0.8889,2
0.41186,0.89974,2
0.42174,0.87146,2
0.47097,0.91387,2
0.47687,0.85889,2
0.44442,0.89772,2
0.48913,0.86539,2
0.43788,0.87063,2
0.44979,0.88295,2
0.42668,0.84361,2
0.42079,0.81997,2
0.48391,0.80751,2
0.43003,0.8193,2
0.38971,0.85766,2
0.42029,0.89176,2
0.49915,0.86222,2
0.33155,0.85,2
0.44151,0.90519,2
0.37713,0.94681,2
0.4028,0.81747,2
0.41563,0.87724,2
0.36079,0.81229,2
0.41613,0.85896,2
0.47267,0.89911,2
0.45326,0.83464,2
0.46306,0.91053,2
0.47595,0.83433,2
0.41838,0.90831,2
0.44861,0.82426,2
0.41991,0.85115,2
0.44477,0.88167,2
0.48199,0.83458,2
0.43715,0.8749,2
0.41812,0.84399,2
0.51704,0.87738,2
0.43335,0.88983,2
0.49882,0.83822,2
0.48766,0.83232,2
0.48271,0.89935,2
0.48013,0.83488,2
0.41484,0.87438,2
0.47354,0.85118,2
0.42,0.86184,2
0.47266,0.86473,2
0.48041,0.8181,2
0.41395,0.77152,2
0.36963,0.85637,2
0.48134,0.86301,2
0.47131,0.90389,2
0.48965,0.87602,2
0.42382,0.90364,2
0.41687,0.82863,2
0.43891,0.8755,2
0.47408,0.87021,2
0.5004,0.81429,2
0.43046,0.88285,2
0.46868,0.85899,2
0.41347,0.88662,2
0.43465,0.91289,2
0.41738,0.85017,2
0.4107,0.85398,2
0.45098,0.8809,2
0.46908,0.89295,2
0.44821,0.86615,2
0.43883,0.87996,2
0.51584,0.84935,2
0.42267,0.82686,2
0.52599,0.85787,2
0.447,0.82891,2
0.45218,0.88609,2
0.43732,0.85387,2
0.38964,0.79662,2
0.44013,0.87403,2
0.50657,0.87251,2
0.44237,0.95478,2
0.42344,0.94411,2
0.44453,0.82117,2
0.50091,0.87033,2
0.48224,0.85202,2
0.4708,0.82012,2
0.46441,0.82697,2
0.36344,0.8572,2
0.37747,0.8859,2
0.46622,0.78531,2
0.41677,0.86547,2
0.42389,0.86765,2
0.46908,0.85315,2
0.45267,0.84878,2
0.40325,0.88237,2
0.39745,0.81231,2
0.3907,0.85058,2
0.50886,0.8094,2
0.36815,0.88627,2
0.5009,0.84172,2
0.49972,0.86081,2
0.42367,0.92018,2
0.45697,0.89731,2
0.4279,0.8149,2
0.41515,0.79627,2
0.44408,0.88421,2
0.41631,0.8854,2
0.44174,0.85803,2
0.41213,0.89116,2
0.46014,0.82862,2
0.47934,0.8493,2
0.46782,0.84747,2
0.44831,0.89003,2
0.40793,0.85998,2
0.37669,0.93404,2
0.50731,0.87302,2
0.40472,0.81755,2
0.5354,0.87063,2
0.41906,0.8376,2
0.40764,0.89713,2
0.44965,0.78161,2
0.41334,0.8884,2
0.4143,0.90846,2
0.47197,0.88286,2
0.47539,0.85247,2
0.49417,0.82367,2
0.48193,0.8441,2
0.40296,0.85988,2
0.40167,0.8383,2
0.43937,0.85413,2
0.47082,0.89257,2
0.45997,0.80638,2
0.4287,0.83598,2
0.45351,0.85825,2
0.44475,0.85608,2
0.46564,0.86428,2
0.42117,0.84724,2
0.46048,0.86641,2
0.50127,0.88948,2
0.46895,0.93131,2
0.43431,0.87817,2
0.50641,0.80255,2
0.42006,0.83376,2
0.44997,0.89506,2
0.43249,0.8558,2
0.40482,0.87808,2
0.48439,0.87779,2
0.39284,0.85072,2
0.49966,0.87797,2
0.46872,0.83343,2
0.47056,0.89068,2
0.42793,0.8844,2
0.45066,0.89645,2
0.47655,0.82087,2
0.42112,0.81465,2
0.46687,0.93844,2
0.44253,0.85495,2
0.48126,0.82943,2
0.4502,0.85296,2
0.39304,0.84556,2
0.47391,0.87052,2
0.44843,0.83466,2
0.44528,0.86004,2
0.41955,0.90776,2
0.43843,0.84439,2
0.44175,0.86488,2
0.47093,0.87764,2
0.47056,0.83843,2
0.41592,0.84618,2
0.39559,0.83023,2
0.44188,0.8815,2
0.40387,0.84695,2
0.48827,0.84101,2
0.43045,0.92057,2
0.41216,0.83649,2
0.44758,0.90259,2
0.40169,0.88852,2
0.31792,0.8713,2
0.43144,0.86457,2
0.47377,0.84301,2
0.41587,0.8535,2
0.51183,0.81529,2
0.45112,0.8671,2
0.45491,0.83516,2
0.40394,0.87265,2
0.43029,0.84558,2
0.37431,0.78505,2
0.46131,0.93028,2
0.45065,0.80042,2
0.45769,0.86182,2
0.50205,0.81838,2
0.45206,0.82237,2
0.43771,0.89854,2
0.47818,0.82077,2
0.41079,0.81608,2
0.52986,0.89439,2
0.44946,0.8583,2
0.4371,0.88261,2
0.47071,0.90875,2
0.4305,0.85396,2
0.46521,0.96957,2
0.4479,0.92629,2
0.43519,0.84383,2
0.45088,0.85957,2
0.4796,0.87807,2
0.43975,0.83768,2
0.44125,0.80612,2
0.50226,0.85496,2
0.44709,0.85398,2
0.37686,0.87045,2
0.43215,0.86836,2
0.39912,0.89038,2
0.51383,0.84651,2
0.45727,0.90073,2
0.4059,0.86276,2
0.41787,0.93898,2
0.42917,0.92019,2
0.38921,0.8638,2
0.44299,0.88189,2
0.445,0.84052,2
0.4083,0.88058,2
0.45144,0.84322,2
0.50417,0.87451,2
0.4294,0.84259,2
0.41853,0.85088,2
0.51107,0.89324,2
0.46977,0.90513,2
0.51364,0.82768,2
0.45791,0.92442,2
0.42034,0.86045,2
0.47953,0.8332,2
0.46178,0.84066,2
0.41966,0.86587,2
0.49022,0.91622,2
0.40062,0.89081,2
0.43855,0.85777,2
0.44787,0.90974,2
0.52942,0.88193,2
0.41681,0.78441,2
0.46158,0.85717,2
0.44015,0.84891,2
0.39244,0.97204,2
0.49354,0.83185,2
0.50742,0.87419,2
0.38378,0.90475,2
0.47894,0.89381,2
0.48966,0.83793,2
0.39614,0.8692,2
0.41725,0.81174,2
0.48953,0.89163,2
0.42729,0.84668,2
0.45565,0.82159,2
0.43064,0.85884,2
0.52044,0.8185,2
0.42819,0.84101,2
0.42702,0.84027,2
0.4613,0.9147,2
0.46945,0.95191,2
0.44392,0.85584,2
0.40317,0.92438,2
0.46858,0.82609,2
0.46336,0.87853,2
0.46669,0.88206,2
0.44832,0.89782,2
0.3806,0.80758,2
0.44511,0.80177,2
0.463,0.83926,2
0.48106,0.84316,2
0.47058,0.89021,2
0.40858,0.87709,2
0.46773,0.91581,2
0.42195,0.90283,2
0.47445,0.85235,2
0.5063,0.85953,2
0.52418,0.86206,2
0.47618,0.91933,2
0.37866,0.91909,2
0.44906,0.86461,2
0.44509,0.9099,2
0.40571,0.88807,2
0.50227,0.87169,2
0.36455,0.85338,2
0.48278,0.89712,2
0.47538,0.85517,2
0.4979,0.8788,2
0.44188,0.88791,2
0.46304,0.85094,2
0.41809,0.85614,2
0.43497,0.81208,2
0.48396,0.90087,2
0.39715,0.86699,2
0.42433,0.82421,2
0.44286,0.95035,2
0.47439,0.86314,2
0.41652,0.85062,2
0.43759,0.82497,2
0.46268,0.88693,2
0.42615,0.83836,2
0.42117,0.8386,2
0.45474,0.82556,2
0.45585,0.85092,2
0.47016,0.88218,2
0.45911,0.85198,2
0.40368,0.84709,2
0.48729,0.84094,2
0.49672,0.90354,2
0.42506,0.76207,2
0.45757,0.84308,2
0.44254,0.89555,2
0.40487,0.91901,2
0.43432,0.87108,2
0.37087,0.89708,2
0.38826,0.85004,2
0.42593,0.80988,2
0.11777,0.26719,3
0.087848,0.26454,3
0.087635,0.23795,3
0.13248,0.26103,3
0.12854,0.2203,3
0.1206,0.23562,3
0.10873,0.20279,3
0.12997,0.25632,3
0.02922,0.26061,3
0.057886,0.28158,3
0.13014,0.30381,3
0.03199,0.20714,3
0.075701,0.2769,3
0.1493,0.2454,3
0.045224,0.26789,3
0.099044,0.1956,3
0.015696,0.34054,3
0.053792,0.21601,3
0.098959,0.20051,3
0.12739,0.18551,3
0.11257,0.25587,3
0.1153,0.20556,3
0.078122,0.26644,3
0.082896,0.22609,3
0.078965,0.24107,3
0.093235,0.28284,3
0.072861,0.23199,3
0.14567,0.21241,3
0.084986,0.25859,3
0.10847,0.292,3
0.072856,0.2516,3
0.040898,0.24563,3
0.089454,0.25199,3
0.03584,0.23078,3
0.036414,0.25041,3
0.12004,0.22009,3
0.11429,0.24985,3
0.10705,0.25182,3
0.10598,0.26086,3
0.076037,0.23109,3
0.082169,0.23726,3
0.06514,0.20486,3
0.13486,0.23006,3
0.10758,0.25768,3
0.11526,0.23719,3
0.011882,0.18851,3
0.086875,0.23927,3
0.029048,0.22506,3
0.081716,0.23276,3
0.094352,0.23724,3
0.086785,0.17912,3
0.071836,0.28779,3
0.096258,0.30342,3
0.07156,0.2099,3
0.085299,0.27504,3
0.060014,0.26366,3
0.056327,0.22678,3
0.085026,0.27412,3
0.019696,0.19882,3
0.049418,0.22332,3
0.092205,0.28469,3
0.14095,0.28791,3
0.10234,0.21098,3
0.12946,0.30348,3
0.070166,0.24253,3
0.12437,0.24748,3
0.055766,0.26002,3
0.10927,0.23198,3
0.15993,0.23786,3
0.10836,0.30115,3
0.10435,0.26208,3
0.087512,0.22995,3
0.058797,0.28321,3
0.11579,0.27555,3
0.10406,0.1765,3
0.10812,0.27808,3
0.078288,0.2262,3
0.10607,0.18873,3
0.088741,0.27551,3
0.12514,0.25447,3
0.077041,0.26529,3
0.050945,0.19437,3
0.11229,0.15015,3
0.13835,0.31058,3
0.10501,0.28767,3
0.071036,0.2455,3
0.14918,0.2334,3
0.020743,0.2029,3
0.10685,0.3075,3
0.11327,0.22297,3
0.083749,0.22191,3
0.089057,0.3208,3
0.090329,0.27266,3
0.071869,0.22559,3
0.060113,0.3075,3
0.11936,0.16063,3
0.078313,0.20813,3
0.14172,0.22274,3
0.1551,0.2548,3
0.075967,0.17132,3
0.097188,0.24646,3
0.093406,0.29826,3
0.083958,0.23036,3
0.08658,0.20549,3
0.14102,0.28254,3
0.11124,0.24128,3
0.13442,0.27955,3
0.10903,0.26274,3
0.088027,0.22833,3
0.1558,0.25758,3
0.10454,0.24907,3
0.071977,0.20509,3
0.12863,0.23262,3
0.10658,0.26486,3
0.089564,0.25117,3
0.10008,0.25261,3
0.099792,0.25571,3
0.10691,0.2221,3
0.053617,0.226,3
0.079965,0.26787,3
0.084368,0.24502,3
0.087334,0.23623,3
0.076047,0.23527,3
0.15567,0.2226,3
0.054439,0.26957,3
0.059701,0.29898,3
0.10174,0.26439,3
0.084445,0.28221,3
0.072476,0.25171,3
0.10544,0.25972,3
0.15742,0.2006,3
0.12039,0.2701,3
0.087623,0.19872,3
0.15102,0.16775,3
0.15564,0.26637,3
0.050696,0.25345,3
0.074199,0.20526,3
0.11642,0.24912,3
0.087332,0.22975,3
0.093918,0.29606,3
0.063343,0.25804,3
0.091673,0.2154,3
0.085063,0.2228,3
0.06718,0.26622,3
0.093258,0.24637,3
0.066625,0.19127,3
0.092439,0.23917,3
0.080916,0.28006,3
0.080989,0.22325,3
0.11078,0.23153,3
0.11552,0.20059,3
0.089583,0.30413,3
0.12235,0.23563,3
0.093044,0.25556,3
0.1112,0.23218,3
0.033546,0.24715,3
0.086783,0.23235,3
0.087324,0.26044,3
0.15333,0.29745,3
0.11406,0.24033,3
0.082179,0.2433,3
0.070676,0.22951,3
0.13688,0.22664,3
0.13971,0.2236,3
0.14453,0.30884,3
0.041416,0.30534,3
0.069182,0.24636,3
0.19238,0.17096,3
0.06663,0.19146,3
0.089205,0.25633,3
0.10699,0.19532,3
0.12219,0.23612,3
0.11286,0.19082,3
0.11192,0.24569,3
0.075208,0.22889,3
0.074321,0.28273,3
0.06047,0.25647,3
0.04825,0.18724,3
0.10137,0.2572,3
0.073039,0.2536,3
0.058003,0.24573,3
0.10946,0.22492,3
0.037152,0.24711,3
0.16572,0.23425,3
-0.0014591,0.26403,3
0.12484,0.16459,3
0.062577,0.30206,3
0.10712,0.2481,3
0.11235,0.24937,3
0.069441,0.25653,3
0.11745,0.23781,3
0.02634,0.21476,3
0.053691,0.24888,3
0.074018,0.2343,3
0.080401,0.25983,3
0.068673,0.21931,3
0.058002,0.2862,3
0.064597,0.22954,3
0.059302,0.26158,3
0.11621,0.2758,3
0.10818,0.24067,3
0.044287,0.25779,3
0.10651,0.21211,3
0.12603,0.27807,3
0.099958,0.19507,3
0.14708,0.21628,3
0.089089,0.19615,3
0.10157,0.30284,3
0.039425,0.19088,3
0.10178,0.22975,3
0.010549,0.24989,3
0.06795,0.19745,3
0.10897,0.28314,3
0.1157,0.30492,3
0.12339,0.24154,3
0.069703,0.22627,3
0.10432,0.24998,3
0.085205,0.26233,3
0.085812,0.33794,3
0.050598,0.25394,3
0.061156,0.2376,3
0.10414,0.27322,3
0.015912,0.24679,3
0.096543,0.24476,3
0.051056,0.28518,3
0.088698,0.23481,3
0.091894,0.29531,3
0.15102,0.23165,3
0.1325,0.25058,3
0.073889,0.24065,3
0.12314,0.24143,3
0.13613,0.2401,3
0.049506,0.27089,3
0.13565,0.28824,3
0.042904,0.22074,3
0.047854,0.25703,3
0.14906,0.19687,3
0.11967,0.20948,3
0.095533,0.25877,3
0.12961,0.2278,3
0.13101,0.24215,3
0.11373,0.21838,3
0.046028,0.25401,3
0.076055,0.17986,3
0.11261,0.25156,3
0.10417,0.19785,3
0.10343,0.2087,3
0.12479,0.25317,3
0.11186,0.18973,3
0.095799,0.2704,3
0.045856,0.26707,3
0.09294,0.22062,3
0.11137,0.22382,3
0.11041,0.26092,3
0.063915,0.23753,3
0.045881,0.33033,3
0.10429,0.21275,3
0.099611,0.24602,3
0.1006,0.19714,3
0.055432,0.22552,3
0.073243,0.21493,3
0.07424,0.30275,3
0.1007,0.25264,3
0.075668,0.2738,3
0.097788,0.19313,3
0.1302,0.24009,3
0.040595,0.26192,3
0.10756,0.29757,3
0.03003,0.25514,3
0.12588,0.23027,3
0.058221,0.27699,3
0.090726,0.20842,3
0.1054,0.20624,3
0.079726,0.23034,3
0.048486,0.26171,3
0.13694,0.28406,3
0.097366,0.23248,3
0.096989,0.25262,3
0.052771,0.20836,3
0.082491,0.2657,3
0.13015,0.18384,3
0.12661,0.20391,3
0.17775,0.2591,3
0.076133,0.22999,3
0.12556,0.23281,3
0.097027,0.26732,3
0.097856,0.20098,3
0.076407,0.20962,3
0.06391,0.25394,3
0.10801,0.20416,3
0.070911,0.27273,3
0.065121,0.2717,3
0.059784,0.24071,3
0.11206,0.2459,3
0.050749,0.27916,3
0.15386,0.30811,3
0.077015,0.25663,3
0.1305,0.18046,3
0.099339,0.2057,3
0.074937,0.22385,3
0.076746,0.23587,3
0.093915,0.21543,3
0.14667,0.23136,3
0.10669,0.25038,3
0.12385,0.21326,3
0.026123,0.26345,3
0.15688,0.29167,3
0.055891,0.23165,3
0.032886,0.26282,3
0.053878,0.20128,3
0.095231,0.19254,3
0.13531,0.24812,3
0.068794,0.24148,3
0.1106,0.24803,3
0.072018,0.21393,3
0.086889,0.23041,3
0.11635,0.23333,3
0.098982,0.28091,3
0.10562,0.28304,3
0.094377,0.22216,3
0.062195,0.2465,3
0.14441,0.27208,3
0.10513,0.28285,3
0.11472,0.1836,3
0.074026,0.22101,3
0.052108,0.22605,3
0.14296,0.26764,3
0.078307,0.24123,3
0.097426,0.25234,3
0.090476,0.24255,3
0.055241,0.20504,3
0.10362,0.27827,3
0.077502,0.18997,3
0.080519,0.22293,3
0.11877,0.26797,3
0.055647,0.21945,3
0.09793,0.24691,3
0.087004,0.29949,3
0.073994,0.26376,3
0.16343,0.27267,3
0.088546,0.17689,3
0.056671,0.24406,3
0.085955,0.26306,3
0.067305,0.2755,3
0.088354,0.21074,3
0.13252,0.20918,3
0.11734,0.24359,3
0.02247,0.24872,3
0.065806,0.24841,3
0.1417,0.29967,3
0.12796,0.24546,3
0.1344,0.27012,3
0.087856,0.1804,3
0.054658,0.20913,3
0.05228,0.19901,3
0.14251,0.20784,3
0.095277,0.23248,3
0.13,0.21879,3
0.09896,0.22482,3
0.061869,0.20312,3
0.086477,0.27354,3
0.097831,0.24119,3
0.077008,0.22731,3
0.12153,0.23702,3
0.054408,0.28652,3
0.12835,0.21788,3
0.09089,0.29137,3
0.12105,0.26563,3
0.094107,0.23738,3
0.076072,0.30099,3
0.14539,0.22414,3
0.073571,0.23682,3
0.10475,0.15484,3
0.13464,0.25757,3
0.096955,0.23794,3
0.10361,0.22561,3
0.10738,0.27564,3
0.059787,0.20677,3
0.073955,0.23408,3
0.011894,0.27019,3
0.11229,0.26892,3
0.047908,0.21743,3
0.14226,0.26528,3
0.090096,0.25486,3
0.10049,0.22462,3
0.083785,0.259,3
0.062656,0.29007,3
0.09576,0.24235,3
0.10493,0.25682,3
0.087745,0.28105,3
0.05774,0.30462,3
0.071881,0.2371,3
0.041153,0.25686,3
0.15933,0.25263,3
0.13014,0.22973,3
0.12309,0.21546,3
0.12883,0.23964,3
0.047028,0.22062,3
0.10983,0.24513,3
0.088054,0.15785,3
0.078508,0.24004,3
0.099981,0.22403,3
0.081868,0.24007,3
0.12511,0.28335,3
0.16054,0.21535,3
0.070824,0.25818,3
0.089007,0.25114,3
0.090199,0.28048,3
0.10528,0.28104,3
0.16368,0.27658,3
0.069835,0.25072,3
0.077593,0.25744,3
0.027088,0.23743,3
0.098157,0.22898,3
0.13153,0.24451,3
0.094129,0.23799,3
0.083507,0.30807,3
0.11626,0.33667,3
0.078,0.21494,3
0.087427,0.19904,3
0.12854,0.23585,3
0.11908,0.20131,3
0.054215,0.24287,3
0.0973,0.262,3
0.10633,0.23907,3
0.1041,0.18241,3
0.056932,0.20698,3
0.075592,0.26455,3
0.12213,0.24526,3
0.069519,0.22165,3
0.094655,0.30844,3
0.095815,0.2539,3
0.13625,0.25472,3
0.10016,0.24621,3
0.12215,0.20099,3
0.06161,0.26748,3
0.11646,0.21687,3
0.089403,0.25675,3
0.062249,0.26314,3
0.090827,0.27803,3
0.02714,0.26316,3
0.080425,0.25052,3
0.053258,0.19657,3
0.11865,0.23082,3
0.0048588,0.22773,3
0.10301,0.21838,3
0.027036,0.25977,3
0.098744,0.2291,3
0.054602,0.25515,3
0.089025,0.22355,3
0.084884,0.17855,3
0.11514,0.28471,3
0.11315,0.20199,3
0.030009,0.2894,3
0.057778,0.27417,3
0.10247,0.21666,3
0.1387,0.19934,3
0.10178,0.16911,3
0.098188,0.23683,3
0.063359,0.24199,3
0.054531,0.23688,3
0.092366,0.22788,3
0.069719,0.24699,3
0.066512,0.24925,3
0.073172,0.22193,3
0.10293,0.27239,3
0.022651,0.25574,3
0.14341,0.29752,3
0.072626,0.22536,3
0.075426,0.29404,3
0.08392,0.2571,3
0.080443,0.22163,3
0.082797,0.23107,3
0.049068,0.23759,3
0.14196,0.22053,3
0.15443,0.28519,3
0.0544,0.21165,3
0.11257,0.23084,3
0.14212,0.2625,3
0.093941,0.21554,3
0.13702,0.23365,3
0.087354,0.17348,3
0.11857,0.27282,3
0.12472,0.2288,3
0.12521,0.25379,3
0.094595,0.22856,3
0.13858,0.23438,3
0.080874,0.23471,3
0.044014,0.25657,3
0.12706,0.25625,3
0.10341,0.19451,3
0.049558,0.2253,3
0.085814,0.27557,3
0.068264,0.24455,3
0.096756,0.29011,3
0.083912,0.25192,3
0.12931,0.22154,3
0.08479,0.27922,3
0.084253,0.3212,3
0.10389,0.22642,3
0.52436,0.31306,4
0.53144,0.33552,4
0.5324,0.27108,4
0.37875,0.34443,4
0.47757,0.22868,4
0.41232,0.3178,4
0.59794,0.37182,4
0.4153,0.35893,4
0.50104,0.3334,4
0.48673,0.45773,4
0.49322,0.44872,4
0.5095,0.317,4
0.50933,0.37815,4
0.52159,0.32748,4
0.51939,0.28583,4
0.4698,0.25077,4
0.62246,0.34276,4
0.45413,0.3148,4
0.48712,0.37138,4
0.49993,0.29574,4
0.43371,0.27592,4
0.49945,0.40285,4
0.43194,0.33833,4
0.44834,0.42641,4
0.50634,0.32429,4
0.48223,0.32068,4
0.47936,0.2908,4
0.51362,0.27136,4
0.50666,0.29314,4
0.41515,0.26174,4
0.49293,0.3872,4
0.48041,0.20582,4
0.41758,0.28312,4
0.42158,0.33065,4
0.47154,0.27839,4
0.46821,0.37293,4
0.43765,0.34823,4
0.53501,0.15358,4
0.45032,0.30071,4
0.49828,0.30532,4
0.46526,0.3107,4
0.44285,0.28255,4
0.47883,0.38574,4
0.53065,0.29084,4
0.52981,0.39289,4
0.49009,0.3284,4
0.60218,0.34737,4
0.44222,0.30435,4
0.52543,0.24429,4
0.60014,0.34517,4
0.48372,0.3727,4
0.50545,0.24587,4
0.43486,0.26571,4
0.47353,0.26686,4
0.50182,0.26692,4
0.50788,0.25625,4
0.46069,0.36813,4
0.43303,0.3393,4
0.46889,0.43707,4
0.42701,0.30014,4
0.5093,0.29519,4
0.47936,0.33224,4
0.44786,0.41415,4
0.44231,0.20995,4
0.50131,0.26221,4
0.54694,0.30781,4
0.53977,0.3189,4
0.49606,0.1876,4
0.51137,0.28296,4
0.47859,0.38357,4
0.48737,0.34732,4
0.48152,0.26246,4
0.46774,0.3433,4
0.4985,0.26355,4
0.43874,0.29627,4
0.50254,0.25662,4
0.47827,0.29053,4
0.53593,0.40966,4
0.54172,0.34295,4
0.52592,0.22988,4
0.53173,0.30729,4
0.47447,0.2746,4
0.54202,0.28789,4
0.48538,0.35118,4
0.50441,0.41421,4
0.5498,0.32209,4
0.47106,0.25393,4
0.39796,0.34581,4
0.38299,0.24463,4
0.3697,0.28116,4
0.45983,0.38913,4
0.40549,0.30985,4
0.49388,0.33468,4
0.45467,0.35231,4
0.48552,0.34706,4
0.4702,0.33667,4
0.45376,0.41656,4
0.47757,0.33401,4
0.45971,0.3184,4
0.62254,0.19999,4
0.4888,0.38361,4
0.50957,0.39673,4
0.45731,0.27603,4
0.52526,0.2854,4
0.44833,0.33745,4
0.57693,0.23495,4
0.48349,0.37615,4
0.53057,0.18939,4
0.43065,0.4451,4
0.47999,0.19767,4
0.55312,0.47148,4
0.4439,0.29056,4
0.48722,0.38175,4
0.47864,0.36596,4
0.54097,0.34568,4
0.46582,0.32315,4
0.4973,0.34436,4
0.45811,0.27197,4
0.48681,0.27055,4
0.47543,0.20002,4
0.4712,0.29476,4
0.56313,0.28436,4
0.5653,0.30832,4
0.43733,0.26491,4
0.40752,0.32072,4
0.42922,0.37311,4
0.42874,0.31502,4
0.56412,0.2431,4
0.4282,0.31048,4
0.57395,0.22662,4
0.49098,0.31874,4
0.46456,0.24649,4
0.55353,0.20728,4
0.38617,0.32921,4
0.46309,0.34192,4
0.47476,0.27669,4
0.57002,0.3134,4
0.48063,0.23241,4
0.51944,0.29081,4
0.53158,0.37309,4
0.43958,0.23291,4
0.41087,0.28421,4
0.49553,0.2946,4
0.51371,0.25455,4
0.43366,0.3445,4
0.47019,0.1747,4
0.44663,0.32893,4
0.5183,0.31653,4
0.37954,0.34337,4
0.49243,0.40025,4
0.43785,0.27986,4
0.39717,0.27026,4
0.45624,0.23712,4
0.49144,0.2774,4
0.4476,0.35772,4
0.42725,0.31115,4
0.48449,0.341,4
0.41916,0.26415,4
0.4487,0.25574,4
0.46976,0.26498,4
0.50312,0.34689,4
0.43158,0.25895,4
0.52387,0.39089,4
0.43358,0.27166,4
0.51376,0.30897,4
0.45367,0.35313,4
0.54264,0.28136,4
0.56701,0.31801,4
0.4548,0.32634,4
0.42518,0.32463,4
0.46264,0.19009,4
0.50061,0.26111,4
0.57702,0.34267,4
0.58723,0.23611,4
0.54163,0.28187,4
0.46133,0.32129,4
0.54345,0.29667,4
0.48411,0.33497,4
0.56656,0.30934,4
0.40272,0.25428,4
0.48397,0.35968,4
0.50582,0.37357,4
0.47346,0.3068,4
0.55329,0.33183,4
0.52072,0.20835,4
0.47244,0.33387,4
0.55995,0.31417,4
0.64647,0.28249,4
0.54226,0.28766,4
0.48696,0.32099,4
0.53628,0.33256,4
0.44579,0.24355,4
0.45104,0.36154,4
0.43339,0.22479,4
0.4621,0.29919,4
0.46865,0.27965,4
0.44573,0.22765,4
0.49221,0.33575,4
0.49335,0.23645,4
0.53082,0.27718,4
0.48309,0.25755,4
0.51906,0.36594,4
0.41729,0.33927,4
0.49132,0.31009,4
0.40994,0.40755,4
0.47949,0.26231,4
0.48327,0.38571,4
0.53,0.36283,4
0.41815,0.40314,4
0.47959,0.2396,4
0.59648,0.26405,4
0.44912,0.34396,4
0.42347,0.28253,4
0.46434,0.28952,4
0.45067,0.34284,4
0.46749,0.2288,4
0.45191,0.33051,4
0.49874,0.41629,4
0.60154,0.37123,4
0.3551,0.29376,4
0.55209,0.31084,4
0.51972,0.32331,4
0.48976,0.32657,4
0.49097,0.20521,4
0.45431,0.41835,4
0.44525,0.33202,4
0.40746,0.32233,4
0.51176,0.36039,4
0.43777,0.33563,4
0.56724,0.35591,4
0.62477,0.36164,4
0.47263,0.35296,4
0.57505,0.39127,4
0.50783,0.32234,4
0.60155,0.31905,4
0.35857,0.38511,4
0.58266,0.32542,4
0.49915,0.42355,4
0.54674,0.38329,4
0.56278,0.21308,4
0.52227,0.32288,4
0.45846,0.37582,4
0.491,0.27041,4
0.556,0.25022,4
0.45039,0.3207,4
0.41681,0.21571,4
0.44758,0.25686,4
0.5157,0.33415,4
0.63986,0.52594,4
0.46853,0.297,4
0.50407,0.19963,4
0.46362,0.29154,4
0.49315,0.33514,4
0.60986,0.4167,4
0.37741,0.30087,4
0.50211,0.3362,4
0.52468,0.30361,4
0.45503,0.35054,4
0.4823,0.33409,4
0.44716,0.2992,4
0.4051,0.28598,4
0.62535,0.26437,4
0.42402,0.43408,4
0.36389,0.3187,4
0.41063,0.28368,4
0.44894,0.33556,4
0.59209,0.31705,4
0.55896,0.18779,4
0.57866,0.267,4
0.42925,0.40103,4
0.4958,0.34389,4
0.5094,0.28305,4
0.51184,0.34781,4
0.53441,0.19652,4
0.46346,0.29041,4
0.5418,0.25127,4
0.46047,0.31025,4
0.46998,0.30354,4
0.5809,0.29934,4
0.55836,0.33934,4
0.58618,0.25938,4
0.44048,0.28963,4
0.55513,0.36112,4
0.47232,0.38262,4
0.4839,0.29934,4
0.56287,0.22723,4
0.50299,0.32193,4
0.48399,0.33452,4
0.44974,0.23305,4
0.40069,0.25683,4
0.42378,0.32549,4
0.44104,0.35581,4
0.41183,0.24123,4
0.40372,0.34348,4
0.58376,0.36246,4
0.40018,0.43168,4
0.56464,0.269,4
0.52712,0.37159,4
0.43779,0.23013,4
0.41104,0.33601,4
0.43072,0.37175,4
0.57922,0.34849,4
0.52269,0.27231,4
0.53823,0.42319,4
0.45216,0.38926,4
0.46841,0.19658,4
0.47864,0.30371,4
0.42687,0.32028,4
0.56807,0.36483,4
0.40474,0.33932,4
0.54259,0.39866,4
0.53469,0.33986,4
0.48867,0.2905,4
0.539,0.34105,4
0.46762,0.30808,4
0.55868,0.20102,4
0.38595,0.34792,4
0.44596,0.27883,4
0.45244,0.31699,4
0.52907,0.29759,4
0.48967,0.21505,4
0.53037,0.17313,4
0.44884,0.30167,4
0.58791,0.28642,4
0.49611,0.31658,4
0.39486,0.20711,4
0.54546,0.33989,4
0.54343,0.40294,4
0.50067,0.33741,4
0.45664,0.25564,4
0.45366,0.36059,4
0.52269,0.29515,4
0.48364,0.2336,4
0.45612,0.31456,4
0.52211,0.45342,4
0.47388,0.34013,4
0.43259,0.23596,4
0.47775,0.37063,4
0.49562,0.29926,4
0.59605,0.28455,4
0.557,0.29665,4
0.53805,0.27034,4
0.55649,0.33312,4
0.4904,0.31504,4
0.57013,0.28909,4
0.52678,0.37213,4
0.59691,0.23326,4
0.4922,0.33794,4
0.52404,0.27697,4
0.4013,0.20632,4
0.44979,0.33396,4
0.38696,0.35335,4
0.42399,0.36599,4
0.38472,0.32847,4
0.52438,0.39467,4
0.61857,0.2274,4
0.68125,0.28627,4
0.5239,0.31011,4
0.38906,0.27118,4
0.47122,0.34875,4
0.5878,0.28706,4
0.40662,0.30435,4
0.48852,0.20696,4
0.52182,0.26515,4
0.56042,0.26994,4
0.51061,0.26044,4
0.52332,0.29442,4
0.39884,0.35054,4
0.39454,0.26977,4
0.46037,0.30426,4
0.47246,0.28979,4
0.53638,0.32555,4
0.54743,0.34636,4
0.43911,0.3264,4
0.45915,0.39674,4
0.43893,0.29235,4
0.48091,0.27616,4
0.57118,0.42323,4
0.47914,0.31897,4
0.48291,0.40011,4
0.55911,0.37171,4
0.58742,0.24697,4
0.63828,0.33227,4
0.44544,0.29191,4
0.48997,0.20035,4
0.38832,0.28811,4
0.47444,0.22361,4
0.49607,0.27474,4
0.58366,0.34006,4
0.40532,0.36369,4
0.46155,0.20776,4
0.55524,0.20406,4
0.43929,0.16531,4
0.49758,0.29296,4
0.45543,0.23325,4
0.43894,0.31123,4
0.42919,0.20477,4
0.58653,0.46897,4
0.48457,0.19037,4
0.48701,0.43159,4
0.4407,0.32994,4
0.4531,0.25587,4
0.44076,0.36461,4
0.45294,0.34815,4
0.52365,0.32116,4
0.46472,0.38069,4
0.58878,0.29493,4
0.56002,0.18845,4
0.38816,0.3612,4
0.54258,0.35015,4
0.47618,0.31832,4
0.4857,0.19595,4
0.4046,0.20536,4
0.41895,0.44615,4
0.5812,0.28044,4
0.46951,0.33242,4
0.465,0.3234,4
0.45077,0.30392,4
0.40053,0.29909,4
0.4518,0.3681,4
0.46227,0.30383,4
0.48381,0.34913,4
0.5571,0.33734,4
0.40682,0.26977,4
0.48495,0.31806,4
0.38935,0.36075,4
0.54133,0.3101,4
0.44935,0.31607,4
0.45761,0.2904,4
0.40524,0.40772,4
0.50694,0.26691,4
0.34543,0.21973,4
0.49749,0.36842,4
0.4751,0.34221,4
0.55402,0.28431,4
0.50801,0.26132,4
0.52213,0.35268,4
0.53745,0.31823,4
0.47832,0.37808,4
0.405,0.29083,4
0.4903,0.37101,4
0.46325,0.14517,4
0.46965,0.33625,4
0.58788,0.28993,4
0.40803,0.34829,4
0.52223,0.3676,4
0.42027,0.29171,4
0.50556,0.27396,4
0.46287,0.38113,4
0.45517,0.26043,4
0.45587,0.35513,4
0.4161,0.32544,4
0.45267,0.36654,4
0.55646,0.29236,4
0.53685,0.28886,4
0.50406,0.43664,4
0.36115,0.39232,4
0.46446,0.35466,4
0.53645,0.3367,4
0.5218,0.29862,4
0.43352,0.3863,4
0.4893,0.28613,4
0.58796,0.25568,4
0.51662,0.36607,4
0.39878,0.24167,4
0.48099,0.3108,4
0.47321,0.33092,4
0.44433,0.3132,4
0.51356,0.33274,4
0.50546,0.32212,4
0.55057,0.39948,4
0.47202,0.27918,4
0.47461,0.4134,4
0.45688,0.28502,4
0.46579,0.28511,4
0.50863,0.3445,4
0.52277,0.25022,4
0.48287,0.18577,4
0.49586,0.18239,4
0.52176,0.32967,4
0.50891,0.31574,4
0.31319,0.36084,4
0.47339,0.26264,4
0.41215,0.39773,4
0.50853,0.36741,4
0.47646,0.35239,4
0.53775,0.28699,4
0.51417,0.32118,4
0.58601,0.29824,4
0.5889,0.38439,4
0.55718,0.29741,4
0.44643,0.24656,4
0.37176,0.40253,4
0.53645,0.30182,4
0.50238,0.33285,4
0.45957,0.24761,4
0.5672,0.37212,4
0.46573,0.28161,4
0.50355,0.40822,4
0.47336,0.28401,4
0.035439,0.058617,5
0.037123,0.069409,5
0.034914,0.015682,5
0.015146,0.077117,5
-0.027901,0.055536,5
0.070109,0.058745,5
0.059172,0.05098,5
0.020804,0.034419,5
0.069223,0.041389,5
-0.012223,0.10491,5
0.037794,0.1523,5
0.032148,0.077681,5
0.026787,0.1224,5
-0.032495,0.054811,5
-0.027055,0.046074,5
-0.0085547,0.11725,5
0.00094206,0.073334,5
0.071373,0.12422,5
0.010408,0.094716,5
0.082735,0.12152,5
0.042358,0.11269,5
0.00038402,0.024815,5
0.038096,0.11394,5
0.0005688,0.078613,5
0.078341,0.048086,5
0.09286,0.086083,5
0.014384,0.038049,5
0.033492,0.074311,5
0.040357,0.04101,5
0.014181,0.068987,5
-0.0083157,0.042177,5
0.020952,0.098497,5
0.018041,0.062678,5
-0.0018716,0.060895,5
0.041009,0.01237,5
0.020802,0.08262,5
0.027203,0.039157,5
0.03219,0.061069,5
0.059827,0.077407,5
0.10388,0.075894,5
0.013387,0.16831,5
0.074045,0.054826,5
0.053762,0.12768,5
0.025715,0.12502,5
0.077769,0.12094,5
0.054974,0.096605,5
0.053917,0.048176,5
0.0097189,0.11666,5
0.0079427,0.10976,5
0.036454,0.068511,5
0.056376,0.085316,5
0.033601,0.048215,5
0.10178,0.069948,5
0.050199,0.089843,5
0.037141,0.047956,5
0.026383,0.095744,5
0.068078,0.079302,5
0.012632,0.059273,5
0.06473,0.042009,5
0.07103,0.017306,5
0.068671,0.1087,5
0.0318,0.057696,5
-0.014263,0.049533,5
0.092235,0.053516,5
0.055349,0.05467,5
-0.032685,0.048742,5
-0.0080389,0.12025,5
0.01122,0.10079,5
-0.0097261,0.12976,5
-0.0042225,0.040242,5
-0.0399,0.061086,5
0.092774,0.10304,5
0.084646,0.05151,5
0.030173,0.032436,5
0.035926,0.12927,5
0.053803,0.065343,5
0.0033384,0.072804,5
0.026388,0.096601,5
0.020298,0.054257,5
0.059141,0.088446,5
0.070831,0.077905,5
0.0098768,0.076705,5
-0.036975,0.058458,5
0.067686,0.15252,5
-0.0018853,0.058744,5
-0.013235,0.11262,5
0.00038069,0.041901,5
-0.021545,0.027559,5
0.018925,0.071992,5
-0.034438,0.058707,5
0.066638,0.02321,5
-0.0055542,0.025081,5
0.022975,0.10694,5
0.0091872,0.10329,5
-0.0085523,0.042474,5
0.024845,0.10577,5
0.031587,0.11513,5
0.070439,0.055815,5
0.014702,0.07771,5
0.021947,0.031318,5
0.011554,0.042503,5
0.033924,0.11178,5
0.032304,0.10696,5
0.010739,0.040874,5
0.018127,0.066319,5
0.029693,0.11074,5
0.050075,0.057206,5
0.063,0.050002,5
-0.027426,0.019213,5
-0.013308,0.10472,5
0.021597,0.037674,5
0.056164,0.11672,5
0.015929,0.077682,5
0.037667,0.087381,5
0.016004,0.051153,5
0.079318,0.036864,5
0.044486,-0.01487,5
0.029099,0.10784,5
0.045318,0.10776,5
0.0034643,0.096426,5
0.036173,0.098473,5
0.029292,0.14774,5
0.04281,0.11712,5
0.059879,0.043117,5
0.058946,0.1024,5
0.027055,0.048357,5
0.054693,0.064097,5
0.038518,0.083279,5
0.0088155,-0.019128,5
0.033262,0.11189,5
0.053138,0.090219,5
0.071475,0.013164,5
-0.017832,0.044977,5
0.026251,0.0561,5
0.041447,0.050706,5
0.018784,0.094782,5
-0.0071718,0.024057,5
0.0020417,0.0016653,5
0.080152,0.065424,5
0.068445,0.061256,5
0.021056,0.069566,5
0.050058,0.06404,5
0.074773,0.047189,5
0.044933,0.068865,5
0.028456,0.085526,5
0.033959,0.034566,5
0.075046,0.079634,5
0.017478,0.072808,5
-0.017776,0.11446,5
0.023828,0.074036,5
0.04871,0.11294,5
0.068955,0.096445,5
0.067786,0.12641,5
0.0058436,0.086615,5
0.023602,0.053925,5
0.12307,0.0314,5
0.042207,0.04097,5
-0.0054962,0.037897,5
-0.035014,0.0069952,5
0.0094555,0.10098,5
0.063973,0.023473,5
0.0089658,0.094896,5
0.029453,0.051782,5
0.048055,0.095983,5
0.0077562,0.087594,5
0.092543,-0.0014506,5
-0.0013936,0.093002,5
0.067583,0.073472,5
0.0060594,0.09364,5
0.0314,0.048687,5
0.0035611,0.10704,5
0.045629,0.064564,5
0.038668,0.081275,5
-0.0054043,0.059656,5
-0.034851,0.0676,5
0.010282,0.042277,5
0.0048057,0.023928,5
0.033219,0.091748,5
-0.0043127,0.02282,5
0.062689,0.059568,5
-0.046164,0.12558,5
0.075181,0.099261,5
0.05826,0.097009,5
0.072597,0.043974,5
0.059149,0.056475,5
0.060508,0.015934,5
0.058427,0.077132,5
0.0097555,0.073476,5
0.056866,0.046576,5
0.021941,0.046979,5
0.022551,0.077713,5
0.017409,0.078816,5
0.042755,0.066207,5
0.059892,0.064271,5
0.03083,0.13183,5
-0.041854,0.042504,5
0.093191,0.0056231,5
0.012069,0.10679,5
0.045913,0.081792,5
0.071217,0.034047,5
0.050429,0.033369,5
-0.034434,0.05734,5
0.029707,0.083642,5
0.025929,0.084155,5
-0.069763,0.11111,5
0.073936,0.093138,5
0.048491,0.085134,5
0.090096,0.068921,5
-0.018547,0.037931,5
-0.012192,0.093185,5
-0.008572,0.11769,5
-0.010555,-0.0045345,5
0.065383,0.05497,5
0.0019239,0.085918,5
-0.018594,0.036332,5
0.11489,0.08422,5
0.062042,0.072679,5
0.034033,0.059158,5
-0.0043846,0.085595,5
-0.044082,0.062957,5
-0.00099162,0.079079,5
0.080658,0.12992,5
-0.0084713,0.10339,5
-0.045489,0.029358,5
0.045255,0.086702,5
0.00083856,0.11903,5
0.09944,0.11949,5
0.043062,0.061142,5
0.048851,0.081329,5
-0.00087568,0.023734,5
-0.02959,-0.0064805,5
0.079183,0.062274,5
0.034012,0.049778,5
0.084142,0.097391,5
0.067764,0.080835,5
0.043785,0.066403,5
0.025332,0.055341,5
0.06385,0.067154,5
-0.01394,0.065727,5
-0.021699,0.058245,5
0.036715,0.019967,5
0.035185,0.056734,5
0.024923,0.063613,5
0.050306,0.096996,5
0.04487,0.056772,5
0.029371,0.081706,5
0.00095306,0.1126,5
-0.021999,0.078908,5
0.054243,0.12324,5
0.067114,0.06681,5
0.062346,0.033896,5
0.028053,0.082421,5
0.047871,0.09096,5
0.0044923,0.040076,5
-0.059332,0.048851,5
0.11158,-0.020084,5
0.044566,0.06557,5
0.033461,0.082618,5
0.019653,0.038809,5
0.042201,0.052531,5
-0.017374,0.036614,5
0.0043027,0.11093,5
0.049557,-0.012628,5
0.0088649,0.072412,5
0.017545,0.021552,5
-0.049588,0.027352,5
0.030496,0.066594,5
0.021833,0.075033,5
0.028739,0.10164,5
-0.011366,0.075426,5
0.021535,0.013423,5
0.061764,0.068272,5
0.0017274,0.063014,5
-0.025969,0.14047,5
0.018668,0.060122,5
0.044422,0.095557,5
0.077258,0.063007,5
0.019788,0.071524,5
0.0086614,0.083159,5
0.0078942,0.098278,5
0.072187,0.053404,5
0.028221,0.090627,5
0.047862,0.0391,5
0.023784,0.052938,5
0.014293,0.057463,5
0.074286,0.13718,5
0.042152,0.10692,5
0.0575,0.081371,5
-0.017984,0.10914,5
0.029936,0.12317,5
0.047251,0.15497,5
-0.0021459,0.089897,5
0.0079613,0.056881,5
0.085575,0.081992,5
-0.019186,0.069748,5
0.064985,0.091222,5
0.037854,0.080767,5
0.019608,0.071555,5
0.002062,0.041296,5
0.0026636,0.048657,5
0.019361,0.023996,5
0.11114,0.079866,5
0.027844,0.018539,5
-0.0050577,0.056089,5
0.03301,0.022883,5
0.0086105,0.10574,5
0.045387,0.12831,5
-0.0059548,0.046063,5
0.0045283,0.056534,5
0.048167,-0.022339,5
-0.0091666,-0.021037,5
0.087714,0.1375,5
0.040279,0.024489,5
0.023919,0.076039,5
0.019968,0.06378,5
0.077677,0.046997,5
0.017277,0.058347,5
-0.01509,0.057718,5
0.02375,0.058716,5
0.036435,0.090906,5
0.019522,0.034445,5
0.020656,0.085452,5
0.027398,0.11401,5
0.0436,0.016272,5
-0.0092014,0.071071,5
0.020942,0.076542,5
0.050039,0.056467,5
-0.039749,0.044423,5
0.031814,0.045752,5
0.037211,0.10705,5
0.070534,0.056512,5
0.056777,0.099203,5
0.069051,0.035539,5
-0.0091102,0.11226,5
0.040675,0.069663,5
0.031504,0.092687,5
0.053578,0.071525,5
0.044947,0.090635,5
-0.0068984,0.078475,5
0.022367,0.072583,5
-0.0017748,0.064463,5
0.095817,0.13697,5
0.0097635,0.12527,5
-0.022141,0.13872,5
0.083376,0.014801,5
-0.016636,0.038898,5
0.016372,0.058936,5
-0.04993,0.1345,5
0.017545,0.072626,5
0.056615,0.085696,5
0.0322,0.062384,5
-0.055447,0.087252,5
0.035145,0.068786,5
-0.041593,0.13681,5
0.020414,0.095727,5
0.058766,0.099751,5
0.0094412,0.18989,5
0.036984,0.073517,5
0.091408,0.052836,5
0.0018822,0.031583,5
0.043928,0.054155,5
0.059144,0.089269,5
-0.050244,0.11888,5
0.0053172,0.058792,5
0.078589,0.10949,5
0.010095,0.091972,5
-0.015514,0.076646,5
0.042097,0.030413,5
-0.024258,0.0034936,5
-0.0074323,0.098684,5
0.015966,0.046921,5
0.039833,0.12291,5
0.069757,0.064662,5
0.00357,0.097367,5
0.026268,0.052839,5
0.013499,0.052972,5
-0.016129,0.1089,5
0.068471,0.089819,5
-0.0056378,0.073765,5
0.013335,-0.011748,5
-0.017409,0.11722,5
0.020623,0.032731,5
-0.0050933,0.05349,5
-0.0029747,0.095997,5
0.040423,0.0454,5
-0.041642,0.053664,5
-0.028443,-0.020665,5
0.063434,0.051618,5
0.049999,0.052411,5
0.0044194,0.10889,5
0.043093,0.070876,5
0.040279,0.072332,5
-0.0036891,0.11745,5
0.029346,0.10434,5
-0.0020279,0.079106,5
0.027436,0.079441,5
0.03144,0.032052,5
0.060118,0.085213,5
0.015103,0.034568,5
-0.013949,0.086035,5
-0.0051424,0.085388,5
0.014125,0.050818,5
0.076069,0.04507,5
0.022476,0.084073,5
0.034217,0.056638,5
0.038755,0.074149,5
-0.017699,0.077284,5
0.056622,0.080355,5
0.02241,0.058324,5
0.034093,0.08488,5
0.054399,0.094739,5
-0.0098917,0.076662,5
0.024702,0.085913,5
0.032464,0.057216,5
0.087313,0.099644,5
0.1387,0.072739,5
-0.01512,0.095638,5
0.016101,0.063769,5
0.0069926,0.064333,5
0.0032738,0.024826,5
0.066395,0.086315,5
0.015541,0.014479,5
0.034592,-0.0027374,5
-0.008917,0.028103,5
0.024078,0.087121,5
0.066039,0.046058,5
0.016582,0.036071,5
-0.031134,0.048599,5
0.0081282,0.089558,5
0.0078583,0.063324,5
-0.050864,0.112,5
0.038317,0.083409,5
-0.001767,0.090008,5
0.025631,0.037372,5
0.052473,0.069914,5
0.034695,0.10737,5
0.071342,0.071651,5
-0.0010432,0.063349,5
0.040423,0.070843,5
0.024554,0.10639,5
0.0057997,0.060369,5
-0.013107,0.090772,5
0.036161,0.13117,5
0.063563,0.078185,5
0.064318,0.077328,5
0.039815,0.12048,5
0.015448,0.12479,5
0.030422,0.02209,5
0.080977,-0.0038745,5
0.034893,0.06989,5
0.01981,0.073257,5
-0.01588,0.013538,5
0.07388,0.043198,5
-0.046219,0.048775,5
-0.017014,0.029255,5
-0.037527,0.082927,5
0.082421,0.093965,5
0.022912,0.090315,5
0.0020882,0.010447,5
0.03816,0.030814,5
-0.014088,0.082828,5
0.012846,0.068567,5
0.09414,0.14305,5
-0.016608,0.11596,5
-0.021415,0.052575,5
0.028539,0.09809,5
0.067196,0.047265,5
-0.013688,0.055781,5
0.043625,0.077103,5
-0.0024102,0.049734,5
0.022815,0.030325,5
0.025674,0.08986,5
0.037356,0.1333,5
0.039111,0.061607,5
0.049616,0.090442,5
0.028329,0.017043,5
0.041441,0.057303,5
-0.012164,0.042034,5
-0.030062,0.027334,5
0.095567,0.077029,5
-0.029563,0.027078,5
0.054466,0.096693,5
0.091045,0.064811,5
0.091553,0.046735,5
-0.015698,0.044769,5
0.024119,0.047722,5
-0.017312,0.071507,5
0.016652,0.040708,5
0.015825,0.052655,5
0.0029593,0.077236,5
-0.012106,0.093452,5
-0.039066,0.059111,5
-0.0035085,0.087513,5
0.023122,0.10191,5
-0.03119,0.10343,5
0.060613,0.05985,5
0.06436,0.057564,5
-0.031468,0.051319,5
0.047468,0.071542,5
-0.011008,0.10429,5
0.66765,0.87938,6
0.62379,0.79197,6
0.64222,0.89426,6
0.6829,0.83764,6
0.72768,0.84646,6
0.65221,0.91873,6
0.66459,0.77972,6
0.63203,0.77076,6
0.61699,0.8074,6
0.7261,0.76048,6
0.64436,0.78385,6
0.70768,0.78569,6
0.63507,0.82176,6
0.61967,0.82151,6
0.67619,0.77254,6
0.59047,0.84568,6
0.67346,0.85838,6
0.57757,0.81836,6
0.77173,0.86647,6
0.69288,0.82666,6
0.69901,0.77539,6
0.73101,0.79771,6
0.5999,0.84655,6
0.6733,0.80834,6
0.719,0.83492,6
0.61497,0.83333,6
0.64398,0.85786,6
0.6598,0.88152,6
0.64568,0.85463,6
0.66715,0.75074,6
0.65566,0.83153,6
0.57803,0.7752,6
0.61208,0.82433,6
0.77744,0.77206,6
0.66126,0.82825,6
0.72566,0.83877,6
0.64321,0.80255,6
0.63556,0.80063,6
0.62646,0.86356,6
0.62797,0.78328,6
0.6,0.80437,6
0.77015,0.86199,6
0.65596,0.86655,6
0.63917,0.84133,6
0.59351,0.81103,6
0.67324,0.76928,6
0.73476,0.80995,6
0.71201,0.83519,6
0.68587,0.91485,6
0.67421,0.82654,6
0.63947,0.78875,6
0.61183,0.89151,6
0.64675,0.89104,6
0.64671,0.80262,6
0.61693,0.85387,6
0.71294,0.80059,6
0.64015,0.87115,6
0.67497,0.79364,6
0.69332,0.82485,6
0.69944,0.79581,6
0.68048,0.84519,6
0.63263,0.85149,6
0.66873,0.83714,6
0.59808,0.90098,6
0.67596,0.77528,6
0.68738,0.80682,6
0.68464,0.79844,6
0.62176,0.81038,6
0.63977,0.85442,6
0.74759,0.85432,6
0.55324,0.80683,6
0.69728,0.83408,6
0.57718,0.86004,6
0.70026,0.80098,6
0.64187,0.81206,6
0.68898,0.83057,6
0.64727,0.87553,6
0.6997,0.82959,6
0.67999,0.80714,6
0.69409,0.86766,6
0.63702,0.85197,6
0.60627,0.7026,6
0.70522,0.84425,6
0.60022,0.89107,6
0.70432,0.83015,6
0.61725,0.75275,6
0.68561,0.84687,6
0.66138,0.80348,6
0.6666,0.7612,6
0.63387,0.81392,6
0.71773,0.76762,6
0.632,0.85475,6
0.67869,0.86744,6
0.66302,0.76596,6
0.66992,0.81128,6
0.62241,0.83663,6
0.6553,0.79705,6
0.70036,0.85463,6
0.64565,0.83265,6
0.69612,0.8763,6
0.69421,0.90432,6
0.59687,0.86149,6
0.63108,0.82549,6
0.66193,0.80669,6
0.64594,0.8563,6
0.62917,0.77919,6
0.65667,0.8392,6
0.60656,0.77446,6
0.66,0.85453,6
0.63595,0.846,6
0.60423,0.87956,6
0.64477,0.81195,6
0.58988,0.88049,6
0.72982,0.83894,6
0.66981,0.85406,6
0.641,0.8058,6
0.63683,0.77444,6
0.63061,0.87309,6
0.68648,0.87177,6
0.64712,0.81159,6
0.62945,0.80158,6
0.73218,0.78206,6
0.67247,0.91263,6
0.60973,0.8229,6
0.71361,0.81885,6
0.72221,0.78463,6
0.68366,0.80373,6
0.66931,0.70628,6
0.64028,0.85635,6
0.67973,0.78125,6
0.66964,0.89054,6
0.63851,0.86421,6
0.70622,0.7719,6
0.68215,0.83607,6
0.65784,0.87125,6
0.62285,0.79335,6
0.76549,0.8337,6
0.71787,0.85693,6
0.68165,0.77981,6
0.72147,0.8697,6
0.70276,0.86391,6
0.7222,0.85684,6
0.58439,0.86509,6
0.69528,0.80038,6
0.64944,0.80349,6
0.64505,0.7238,6
0.67271,0.74685,6
0.70475,0.80303,6
0.70144,0.75002,6
0.72916,0.80817,6
0.6944,0.83863,6
0.73236,0.87425,6
0.74586,0.89339,6
0.64313,0.89947,6
0.67148,0.81532,6
0.58172,0.84138,6
0.66351,0.79642,6
0.66537,0.85828,6
0.7616,0.87709,6
0.64553,0.82651,6
0.60977,0.77905,6
0.66336,0.83853,6
0.73339,0.82415,6
0.59807,0.82713,6
0.64452,0.8307,6
0.64287,0.8087,6
0.67108,0.87207,6
0.65594,0.74857,6
0.69383,0.85309,6
0.66615,0.85702,6
0.72311,0.83665,6
0.61404,0.88096,6
0.6829,0.84314,6
0.66114,0.84465,6
0.64976,0.79086,6
0.69934,0.88596,6
0.71628,0.85617,6
0.74392,0.87899,6
0.67745,0.86457,6
0.65657,0.79514,6
0.73689,0.8746,6
0.70379,0.80593,6
0.6462,0.83838,6
0.64724,0.88302,6
0.63178,0.75987,6
0.72827,0.87929,6
0.64337,0.73244,6
0.59224,0.80023,6
0.71398,0.78743,6
0.58938,0.79283,6
0.72398,0.84125,6
0.63901,0.83946,6
0.62753,0.8447,6
0.69224,0.78636,6
0.65904,0.82017,6
0.63184,0.89018,6
0.63558,0.85078,6
0.65162,0.79485,6
0.72263,0.78735,6
0.64008,0.75847,6
0.72694,0.79435,6
0.68398,0.78143,6
0.66897,0.79818,6
0.67836,0.78638,6
0.69973,0.83821,6
0.65909,0.8607,6
0.6754,0.79676,6
0.74055,0.77139,6
0.66152,0.82999,6
0.61598,0.76214,6
0.63714,0.72589,6
0.62466,0.80945,6
0.61001,0.90942,6
0.63192,0.76699,6
0.71189,0.83456,6
0.71382,0.84178,6
0.68866,0.81986,6
0.61432,0.86303,6
0.64088,0.79325,6
0.70236,0.85084,6
0.65294,0.83746,6
0.66085,0.80782,6
0.72904,0.77508,6
0.65435,0.80157,6
0.63874,0.78756,6
0.67501,0.77874,6
0.70535,0.87569,6
0.60722,0.83509,6
0.72748,0.87221,6
0.65399,0.82736,6
0.65786,0.85257,6
0.65808,0.82925,6
0.58373,0.84618,6
0.59837,0.88564,6
0.71339,0.8541,6
0.64799,0.84595,6
0.68751,0.93266,6
0.59481,0.85741,6
0.67186,0.83676,6
0.61277,0.88179,6
0.69488,0.7621,6
0.68667,0.78969,6
0.70107,0.84095,6
0.73004,0.84981,6
0.67504,0.85394,6
0.59712,0.84624,6
0.61802,0.83166,6
0.60443,0.7213,6
0.63033,0.82214,6
0.62008,0.80608,6
0.6495,0.83468,6
0.61695,0.86445,6
0.65112,0.86923,6
0.71903,0.79923,6
0.65912,0.92523,6
0.70182,0.90678,6
0.64715,0.84251,6
0.65735,0.80987,6
0.69704,0.74827,6
0.70452,0.78647,6
0.70815,0.81029,6
0.65902,0.81341,6
0.6635,0.8489,6
0.61873,0.84006,6
0.64591,0.86296,6
0.70569,0.85895,6
0.69491,0.79997,6
0.64286,0.80858,6
0.65494,0.77493,6
0.64282,0.87028,6
0.6094,0.86048,6
0.59521,0.89646,6
0.66697,0.77693,6
0.65279,0.81434,6
0.53191,0.8565,6
0.62772,0.87262,6
0.65987,0.78027,6
0.60864,0.72565,6
0.68405,0.80837,6
0.61299,0.79492,6
0.65284,0.85325,6
0.66853,0.82368,6
0.66689,0.76935,6
0.58505,0.847,6
0.65411,0.85364,6
0.71497,0.76268,6
0.67592,0.82295,6
0.67228,0.83698,6
0.6734,0.84359,6
0.63608,0.7784,6
0.61669,0.7828,6
0.67503,0.81878,6
0.66262,0.84019,6
0.6975,0.86132,6
0.71311,0.90298,6
0.72815,0.80281,6
0.67185,0.89332,6
0.63656,0.84334,6
0.72085,0.83513,6
0.69044,0.82365,6
0.63227,0.81678,6
0.71067,0.84398,6
0.66976,0.80364,6
0.67855,0.87458,6
0.71593,0.85157,6
0.69996,0.88097,6
0.70575,0.82123,6
0.72219,0.91218,6
0.69218,0.8401,6
0.63766,0.86108,6
0.6779,0.77267,6
0.66082,0.91065,6
0.67965,0.77037,6
0.62921,0.82851,6
0.54481,0.77763,6
0.65004,0.8171,6
0.69467,0.81256,6
0.65627,0.85182,6
0.62714,0.90127,6
0.65728,0.85295,6
0.71939,0.87808,6
0.58526,0.83952,6
0.58294,0.82771,6
0.60608,0.78906,6
0.56684,0.78069,6
0.68032,0.85561,6
0.64394,0.79871,6
0.65252,0.80876,6
0.69502,0.81218,6
0.64125,0.79932,6
0.6824,0.81974,6
0.68441,0.82082,6
0.65833,0.80562,6
0.63312,0.7981,6
0.66805,0.82935,6
0.66552,0.86388,6
0.66945,0.90789,6
0.61835,0.87069,6
0.71366,0.7264,6
0.62657,0.75048,6
0.64906,0.83185,6
0.62233,0.85326,6
0.73283,0.75078,6
0.68465,0.91907,6
0.69458,0.83641,6
0.65513,0.88364,6
0.67534,0.73475,6
0.66068,0.81013,6
0.69039,0.85312,6
0.72736,0.85833,6
0.61329,0.83029,6
0.59578,0.77034,6
0.67364,0.82339,6
0.72898,0.78201,6
0.66672,0.85405,6
0.59593,0.84027,6
0.64567,0.85789,6
0.61704,0.82732,6
0.58013,0.85645,6
0.74587,0.80053,6
0.65381,0.82381,6
0.65138,0.80352,6
0.6368,0.79051,6
0.69876,0.85903,6
0.7609,0.78655,6
0.704,0.92129,6
0.71189,0.79222,6
0.76386,0.85397,6
0.62441,0.84195,6
0.62423,0.91417,6
0.59307,0.8215,6
0.72551,0.84019,6
0.6461,0.87109,6
0.65606,0.87249,6
0.6799,0.83319,6
0.69334,0.84957,6
0.62589,0.807,6
0.69261,0.79825,6
0.74367,0.86695,6
0.6595,0.79905,6
0.62851,0.81297,6
0.58746,0.82748,6
0.70081,0.82259,6
0.74771,0.70097,6
0.61294,0.82347,6
0.66556,0.76854,6
0.57782,0.84886,6
0.70981,0.7779,6
0.67996,0.88735,6
0.71955,0.78645,6
0.69434,0.84512,6
0.64022,0.77544,6
0.6191,0.83362,6
0.67166,0.84122,6
0.63591,0.76398,6
0.75331,0.80137,6
0.69383,0.81423,6
0.65215,0.82255,6
0.69879,0.78563,6
0.62518,0.82078,6
0.74675,0.7988,6
0.62411,0.84862,6
0.61746,0.89766,6
0.71682,0.83291,6
0.66534,0.77509,6
0.70685,0.79605,6
0.75101,0.86795,6
0.5974,0.76867,6
0.6762,0.79529,6
0.64869,0.86276,6
0.61833,0.82055,6
0.63835,0.79212,6
0.60282,0.8235,6
0.63468,0.86929,6
0.754,0.81921,6
0.66907,0.79515,6
0.67841,0.81169,6
0.58625,0.81206,6
0.61549,0.80907,6
0.72687,0.78743,6
0.68483,0.85697,6
0.66468,0.79892,6
0.71507,0.83407,6
0.60028,0.83766,6
0.72141,0.8146,6
0.71355,0.83147,6
0.64609,0.81594,6
0.66882,0.79017,6
0.66372,0.78685,6
0.64845,0.80882,6
0.62316,0.81378,6
0.65453,0.85891,6
0.57433,0.77494,6
0.62887,0.81173,6
0.75157,0.85346,6
0.66883,0.78602,6
0.65468,0.82255,6
0.66776,0.84495,6
0.59393,0.88696,6
0.72463,0.86321,6
0.68713,0.87389,6
0.63102,0.81121,6
0.67611,0.79894,6
0.61766,0.79034,6
0.67927,0.80939,6
0.67021,0.8149,6
0.66898,0.84561,6
0.71331,0.83717,6
0.57919,0.81127,6
0.6648,0.81899,6
0.64685,0.89305,6
0.62543,0.79096,6
0.62898,0.84524,6
0.6628,0.78681,6
0.67306,0.87104,6
0.67005,0.79839,6
0.66373,0.87557,6
0.74593,0.86875,6
0.69946,0.87896,6
0.59617,0.80512,6
0.72619,0.79613,6
0.58985,0.8758,6
0.58198,0.83993,6
0.70255,0.78422,6
0.68443,0.89156,6
0.70624,0.80062,6
0.62969,0.76822,6
0.63733,0.85215,6
0.74798,0.79657,6
0.68346,0.81286,6
0.71805,0.81232,6
0.68412,0.80009,6
0.72004,0.82188,6
0.66628,0.77155,6
0.74138,0.84595,6
0.66207,0.87291,6
0.63535,0.88512,6
0.66527,0.74372,6
0.75496,0.87781,6
0.69893,0.84261,6
0.59874,0.84442,6
0.66167,0.77903,6
0.68475,0.82875,6
0.67122,0.83944,6
0.62644,0.93493,6
0.70071,0.8638,6
0.65852,0.87348,6
0.75018,0.80928,6
0.60222,0.81698,6
0.65162,0.82935,6
0.60347,0.81801,6
0.67774,0.83052,6
0.62287,0.83552,6
0.6451,0.83501,6
0.5927,0.83267,6
0.71935,0.8256,6
0.69122,0.79954,6
0.77184,0.73578,6
0.60609,0.76826,6
0.64498,0.77226,6
0.92689,0.44058,7
0.88124,0.42839,7
0.94847,0.48301,7
0.78926,0.56169,7
0.80521,0.28361,7
0.82657,0.47653,7
0.94389,0.44954,7
0.93177,0.5225,7
0.93711,0.56254,7
0.92446,0.47501,7
0.84067,0.29359,7
0.90205,0.52435,7
0.73287,0.49992,7
1.0055,0.52804,7
0.96063,0.58572,7
0.82678,0.50871,7
1.0253,0.41933,7
0.97552,0.46021,7
0.88087,0.48684,7
0.95048,0.41048,7
0.90302,0.45958,7
1.0047,0.41419,7
0.97656,0.46324,7
0.89549,0.52557,7
0.93283,0.46545,7
0.86515,0.52708,7
0.98007,0.42548,7
0.91435,0.54672,7
0.66517,0.47441,7
0.79448,0.50998,7
0.85912,0.42686,7
0.79573,0.67216,7
0.87344,0.47624,7
0.93913,0.45891,7
0.98261,0.40449,7
0.95182,0.46588,7
0.92535,0.43524,7
1.0117,0.38295,7
0.94538,0.42576,7
0.93891,0.39294,7
0.97462,0.54637,7
0.85445,0.51494,7
0.99931,0.55031,7
0.78645,0.50013,7
0.85459,0.4332,7
0.72424,0.40091,7
0.78472,0.56738,7
0.87812,0.4531,7
0.71274,0.39438,7
0.72781,0.51276,7
0.88086,0.51261,7
0.85411,0.59833,7
0.7828,0.51705,7
0.97688,0.55302,7
0.80733,0.5859,7
0.87905,0.4038,7
0.90262,0.51651,7
0.9969,0.45013,7
0.92298,0.69001,7
0.91848,0.53541,7
0.85668,0.43364,7
0.99436,0.40472,7
0.98761,0.50076,7
0.94322,0.58979,7
0.86843,0.53841,7
1.0184,0.61226,7
0.92704,0.4811,7
0.88875,0.43914,7
0.91048,0.54978,7
0.76469,0.44673,7
0.80881,0.52136,7
0.90444,0.47092,7
0.95036,0.52498,7
0.99272,0.38034,7
0.90169,0.4159,7
0.88265,0.28962,7
0.91939,0.37029,7
0.91346,0.67188,7
0.95995,0.41202,7
1.0301,0.48402,7
0.94078,0.4452,7
0.87826,0.47548,7
0.90213,0.51868,7
0.8131,0.48993,7
0.82805,0.44202,7
0.92911,0.43465,7
0.91971,0.43512,7
0.92653,0.54397,7
0.81832,0.39692,7
0.93959,0.56046,7
0.88975,0.63483,7
0.95526,0.5226,7
0.98827,0.5374,7
0.96175,0.40794,7
0.98497,0.37175,7
0.8812,0.59032,7
0.93933,0.4483,7
0.86996,0.4045,7
0.86434,0.55324,7
0.98877,0.41338,7
0.86307,0.48222,7
0.90979,0.51958,7
0.917,0.33097,7
0.81587,0.54222,7
0.87944,0.2551,7
0.88053,0.5327,7
0.81405,0.45341,7
0.83807,0.52384,7
0.8953,0.39389,7
0.8834,0.47208,7
0.98698,0.35459,7
0.93111,0.43121,7
0.95263,0.45346,7
0.89848,0.5373,7
0.91186,0.39139,7
0.82347,0.48793,7
0.6932,0.65081,7
0.93634,0.37118,7
0.90577,0.50284,7
0.85063,0.40565,7
0.93857,0.50702,7
0.86422,0.49906,7
0.8487,0.54868,7
0.97425,0.46108,7
0.94634,0.45589,7
1.0683,0.4613,7
0.87383,0.51073,7
0.72452,0.52869,7
0.83517,0.47556,7
0.91057,0.34535,7
0.77383,0.46756,7
0.90213,0.37027,7
0.83498,0.56847,7
0.89124,0.42544,7
0.8397,0.3885,7
0.98366,0.35637,7
0.9843,0.38554,7
1.0051,0.4152,7
0.9371,0.43729,7
0.93136,0.47911,7
0.8887,0.5375,7
0.91725,0.53831,7
0.83621,0.42604,7
0.79874,0.48552,7
0.94144,0.47587,7
0.98374,0.65123,7
0.84399,0.44138,7
0.8289,0.26538,7
0.89933,0.40558,7
0.93268,0.51226,7
0.90557,0.42449,7
0.92414,0.37132,7
1.0174,0.55171,7
0.9597,0.46064,7
0.72022,0.41249,7
0.89463,0.52226,7
0.75196,0.42141,7
0.8771,0.55815,7
0.88792,0.65032,7
0.94602,0.40777,7
0.84747,0.42948,7
0.87329,0.36986,7
0.85319,0.42766,7
0.85522,0.44809,7
0.97019,0.4417,7
0.8551,0.47647,7
0.98793,0.42777,7
1.0207,0.5085,7
0.97186,0.52149,7
0.69748,0.47454,7
1.152,0.57493,7
0.86658,0.51739,7
0.80214,0.49175,7
0.86532,0.51684,7
0.88974,0.41959,7
0.85328,0.48211,7
0.72109,0.42044,7
0.93613,0.33913,7
0.77667,0.31622,7
0.92234,0.4465,7
0.9156,0.5179,7
0.8812,0.40415,7
0.88217,0.4774,7
0.84449,0.50584,7
0.82715,0.54472,7
0.98394,0.51999,7
0.95135,0.57499,7
0.92358,0.50727,7
0.81338,0.40814,7
0.8004,0.3373,7
0.81614,0.49792,7
0.80714,0.41655,7
0.84943,0.51489,7
0.82535,0.50405,7
0.86655,0.51449,7
0.90915,0.48041,7
0.97666,0.43821,7
0.97802,0.37553,7
0.97246,0.38548,7
0.80776,0.469,7
0.86653,0.47527,7
1.0462,0.43563,7
0.87898,0.56203,7
1.029,0.33615,7
0.9422,0.33951,7
0.91679,0.53322,7
0.84864,0.54053,7
1.0367,0.48429,7
0.83613,0.38068,7
0.88233,0.44876,7
0.91243,0.5666,7
0.82226,0.40409,7
0.74399,0.49844,7
0.92672,0.44993,7
0.80547,0.41773,7
0.86262,0.40056,7
0.76259,0.50443,7
0.94113,0.44155,7
0.83819,0.42145,7
0.93793,0.32857,7
1.0142,0.49169,7
0.91186,0.43279,7
0.77019,0.493,7
0.78979,0.61067,7
0.92581,0.50291,7
0.99898,0.62658,7
0.86741,0.54134,7
0.86836,0.3153,7
0.97441,0.61137,7
0.9595,0.41364,7
0.86847,0.51474,7
0.79268,0.5129,7
0.89817,0.46885,7
0.88941,0.46273,7
0.92955,0.53691,7
0.89913,0.44849,7
0.80637,0.48748,7
0.85269,0.59235,7
0.84987,0.43699,7
0.90371,0.50375,7
0.80855,0.58926,7
0.77932,0.57486,7
0.80889,0.40411,7
0.80501,0.34244,7
0.95075,0.37036,7
0.7749,0.51076,7
0.86423,0.52506,7
0.8356,0.59526,7
0.84574,0.3926,7
0.82652,0.4756,7
0.82973,0.46675,7
0.89729,0.48054,7
0.92965,0.43046,7
0.9132,0.45682,7
0.83962,0.52817,7
0.7116,0.37069,7
0.90146,0.50074,7
0.91142,0.53994,7
0.81406,0.61929,7
0.8079,0.43694,7
0.89259,0.5035,7
0.94704,0.39901,7
0.86198,0.47752,7
0.85213,0.46741,7
0.83987,0.33363,7
0.98235,0.50652,7
0.79807,0.45309,7
0.93181,0.3876,7
0.83462,0.44111,7
0.97765,0.47963,7
0.82488,0.36614,7
0.96137,0.35566,7
0.85202,0.49776,7
0.87777,0.45344,7
0.84334,0.5072,7
0.86941,0.49685,7
0.89379,0.40508,7
0.79264,0.42207,7
0.96432,0.44626,7
0.90582,0.59832,7
0.83294,0.40425,7
0.96139,0.54844,7
0.88178,0.39882,7
0.85784,0.4484,7
0.9947,0.39793,7
0.87603,0.48983,7
0.96481,0.41922,7
0.85094,0.41717,7
0.88501,0.42294,7
0.99585,0.51198,7
0.84632,0.54785,7
0.90253,0.4075,7
0.9131,0.42493,7
0.73995,0.51866,7
0.82137,0.46905,7
0.93167,0.5014,7
0.86329,0.50868,7
0.95297,0.55476,7
0.97277,0.41817,7
0.98652,0.38306,7
1.0229,0.56438,7
0.9342,0.42987,7
0.87113,0.50365,7
1.0155,0.60808,7
0.85597,0.50362,7
0.94061,0.55687,7
0.7843,0.49292,7
0.79368,0.57027,7
0.95241,0.51342,7
0.82543,0.53049,7
0.79511,0.45972,7
0.9249,0.38455,7
0.90915,0.46354,7
0.82371,0.43591,7
0.8699,0.5457,7
0.96856,0.45832,7
0.90852,0.44025,7
0.86879,0.43582,7
0.88072,0.44334,7
0.83004,0.51297,7
0.80732,0.62234,7
0.93882,0.34533,7
0.91001,0.50067,7
0.96636,0.42796,7
0.84961,0.42679,7
0.94642,0.4677,7
0.91324,0.35483,7
0.85059,0.47863,7
0.80411,0.37241,7
0.95464,0.58617,7
0.91151,0.51577,7
0.84411,0.46489,7
0.84421,0.62247,7
0.80232,0.48691,7
0.85714,0.39589,7
0.8105,0.41833,7
0.93038,0.39963,7
0.88443,0.36805,7
0.94228,0.52612,7
0.78878,0.55836,7
0.98114,0.43027,7
0.72904,0.49813,7
0.82787,0.44417,7
0.97978,0.33956,7
0.86441,0.50881,7
0.77943,0.59517,7
0.91974,0.38859,7
0.87064,0.5663,7
0.8621,0.52535,7
0.85557,0.33609,7
0.78458,0.39101,7
0.91501,0.52643,7
0.97078,0.59287,7
0.86054,0.45177,7
0.83764,0.49997,7
0.81628,0.52404,7
0.90254,0.29763,7
0.95156,0.36757,7
0.83015,0.45945,7
1.0035,0.56224,7
0.77611,0.61963,7
0.86212,0.57977,7
0.81263,0.34331,7
0.81249,0.41083,7
0.9663,0.47287,7
0.93511,0.51895,7
0.85865,0.49729,7
0.86218,0.52973,7
0.81127,0.29678,7
0.8095,0.53002,7
1.0032,0.56359,7
0.79099,0.44423,7
0.82341,0.47452,7
0.85302,0.55873,7
0.90007,0.35106,7
0.98873,0.43432,7
1.0397,0.44236,7
0.92156,0.58379,7
0.73773,0.44998,7
0.83378,0.52116,7
0.87204,0.36052,7
0.90338,0.59013,7
0.93256,0.44796,7
1.0408,0.55534,7
0.93089,0.37672,7
0.90359,0.64725,7
0.96966,0.45376,7
0.91737,0.48562,7
0.8671,0.56993,7
0.93442,0.40259,7
0.8411,0.56866,7
0.87553,0.44147,7
0.83899,0.59882,7
0.83025,0.41838,7
0.89505,0.54393,7
0.94882,0.48645,7
0.94201,0.5762,7
0.8908,0.47013,7
0.90069,0.35533,7
0.83652,0.46923,7
0.80098,0.41685,7
0.8398,0.65098,7
0.98344,0.41286,7
0.73274,0.43358,7
0.89515,0.51608,7
0.9954,0.49061,7
0.87057,0.50901,7
0.83385,0.46343,7
0.7745,0.40351,7
0.963,0.4562,7
0.80511,0.4508,7
0.78619,0.5415,7
0.85006,0.6088,7
0.9333,0.3219,7
1.0038,0.54643,7
0.86809,0.39677,7
0.87674,0.41112,7
0.91044,0.42689,7
0.90949,0.33898,7
0.888,0.35605,7
0.901,0.43316,7
0.95545,0.52421,7
0.93369,0.43496,7
1.0473,0.40473,7
0.76651,0.49989,7
0.84478,0.41716,7
0.82461,0.51131,7
0.97713,0.41155,7
0.96397,0.41957,7
0.83019,0.40797,7
0.86961,0.41847,7
0.85372,0.4106,7
0.90711,0.48553,7
0.97711,0.42711,7
1.093,0.44475,7
0.72782,0.46559,7
0.94041,0.48959,7
0.9644,0.41384,7
0.87325,0.35325,7
0.85901,0.41296,7
0.8496,0.42554,7
0.77746,0.36192,7
0.8844,0.47697,7
0.95446,0.44726,7
0.96645,0.45569,7
0.89502,0.43608,7
0.85975,0.37077,7
0.83256,0.46414,7
0.85819,0.44785,7
0.88307,0.43199,7
0.76711,0.31174,7
0.75975,0.35307,7
0.81096,0.55745,7
0.94669,0.48666,7
0.81867,0.45163,7
0.86525,0.30938,7
0.83361,0.56569,7
1.0417,0.43186,7
0.82347,0.46437,7
0.86644,0.3661,7
1.0305,0.55073,7
0.91689,0.53095,7
0.99921,0.40977,7
0.85962,0.44218,7
0.76851,0.33323,7
0.88238,0.38117,7
0.90317,0.48798,7
0.92358,0.43702,7
0.81114,0.38911,7
0.77259,0.45712,7
0.82873,0.49514,7
0.86215,0.57274,7
0.90717,0.3642,7
0.87606,0.57791,7
0.83432,0.58049,7
0.95484,0.3944,7
0.83422,0.45749,7
0.75797,0.39067,7
0.92845,0.43314,7
0.97215,0.3308,7
0.85795,0.37639,7
0.95832,0.54792,7
0.92319,0.45409,7
0.93094,0.48533,7
0.77134,0.38312,7
0.85234,0.40471,7
0.81813,0.48961,7
0.82347,0.44639,7
1.0177,0.43812,7
0.77045,0.38301,7
0.89357,0.5485,7
0.75628,0.4871,7
0.81662,0.5915,7
0.83718,0.4808,7
1.0518,0.44647,7
0.94339,0.45552,7
0.80801,0.42567,7
0.85427,0.46556,7
0.87267,0.59351,7
0.81425,0.51109,7
